2026-08-12 21:59:26,164 [INFO] src.data_fetch: fastf1 cache enabled at /Users/adhithiyaram/github-classroom/ACM40960/projects-adhithiyaram-tharun/f1_cache
core           INFO 	Loading data for Bahrain Grand Prix - Race [v3.8.3]
2026-08-12 21:59:26,420 [INFO] fastf1.fastf1.core: Loading data for Bahrain Grand Prix - Race [v3.8.3]
req            INFO 	Using cached data for session_info
2026-08-12 21:59:26,421 [INFO] fastf1.fastf1.req: Using cached data for session_info
req            INFO 	Using cached data for driver_info
2026-08-12 21:59:26,421 [INFO] fastf1.fastf1.req: Using cached data for driver_info
req            INFO 	Using cached data for session_status_data
2026-08-12 21:59:26,438 [INFO] fastf1.fastf1.req: Using cached data for session_status_data
req            INFO 	Using cached data for lap_count
2026-08-12 21:59:26,438 [INFO] fastf1.fastf1.req: Using cached data for lap_count
req            INFO 	Using cached data for track_status_data
2026-08-12 21:59:26,438 [INFO] fastf1.fastf1.req: Using cached data for track_status_data
req            INFO 	Using cached data for _extended_timing_data
2026-08-12 21:59:26,443 [INFO] fastf1.fastf1.req: Using cached data for _extended_timing_data
req            INFO 	Using cached data for timing_app_data
2026-08-12 21:59:26,444 [INFO] fastf1.fastf1.req: Using cached data for timing_app_data
core           INFO 	Processing timing data...
2026-08-12 21:59:26,444 [INFO] fastf1.fastf1.core: Processing timing data...
core        WARNING 	Driver 16 completed the race distance 00:00.050000 before the recorded end of the session.
2026-08-12 21:59:27,067 [WARNING] fastf1.fastf1.core: Driver 16 completed the race distance 00:00.050000 before the recorded end of the session.
core           INFO 	Finished loading data for 20 drivers: ['16', '55', '44', '63', '20', '77', '31', '22', '14', '24', '47', '18', '23', '3', '4', '6', '27', '11', '1', '10']
2026-08-12 21:59:27,103 [INFO] fastf1.fastf1.core: Finished loading data for 20 drivers: ['16', '55', '44', '63', '20', '77', '31', '22', '14', '24', '47', '18', '23', '3', '4', '6', '27', '11', '1', '10']
core           INFO 	Loading data for Saudi Arabian Grand Prix - Race [v3.8.3]
2026-08-12 21:59:28,625 [INFO] fastf1.fastf1.core: Loading data for Saudi Arabian Grand Prix - Race [v3.8.3]
req            INFO 	Using cached data for session_info
2026-08-12 21:59:28,626 [INFO] fastf1.fastf1.req: Using cached data for session_info
req            INFO 	Using cached data for driver_info
2026-08-12 21:59:28,627 [INFO] fastf1.fastf1.req: Using cached data for driver_info
req            INFO 	Using cached data for session_status_data
2026-08-12 21:59:28,642 [INFO] fastf1.fastf1.req: Using cached data for session_status_data
req            INFO 	Using cached data for lap_count
2026-08-12 21:59:28,643 [INFO] fastf1.fastf1.req: Using cached data for lap_count
req            INFO 	Using cached data for track_status_data
2026-08-12 21:59:28,643 [INFO] fastf1.fastf1.req: Using cached data for track_status_data
req            INFO 	Using cached data for _extended_timing_data
2026-08-12 21:59:28,646 [INFO] fastf1.fastf1.req: Using cached data for _extended_timing_data
req            INFO 	Using cached data for timing_app_data
2026-08-12 21:59:28,646 [INFO] fastf1.fastf1.req: Using cached data for timing_app_data
core           INFO 	Processing timing data...
2026-08-12 21:59:28,646 [INFO] fastf1.fastf1.core: Processing timing data...
core        WARNING 	No lap data for driver 22
2026-08-12 21:59:28,912 [WARNING] fastf1.fastf1.core: No lap data for driver 22
core        WARNING 	Failed to perform lap accuracy check - all laps marked as inaccurate (driver 22)
2026-08-12 21:59:29,134 [WARNING] fastf1.fastf1.core: Failed to perform lap accuracy check - all laps marked as inaccurate (driver 22)
core        WARNING 	Failed to perform lap accuracy check - all laps marked as inaccurate (driver 47)
2026-08-12 21:59:29,135 [WARNING] fastf1.fastf1.core: Failed to perform lap accuracy check - all laps marked as inaccurate (driver 47)
core           INFO 	Finished loading data for 20 drivers: ['1', '16', '55', '11', '63', '31', '4', '10', '20', '44', '24', '27', '18', '23', '77', '14', '3', '6', '22', '47']
2026-08-12 21:59:29,208 [INFO] fastf1.fastf1.core: Finished loading data for 20 drivers: ['1', '16', '55', '11', '63', '31', '4', '10', '20', '44', '24', '27', '18', '23', '77', '14', '3', '6', '22', '47']
core           INFO 	Loading data for Australian Grand Prix - Race [v3.8.3]
2026-08-12 21:59:30,735 [INFO] fastf1.fastf1.core: Loading data for Australian Grand Prix - Race [v3.8.3]
req            INFO 	Using cached data for session_info
2026-08-12 21:59:30,736 [INFO] fastf1.fastf1.req: Using cached data for session_info
req            INFO 	Using cached data for driver_info
2026-08-12 21:59:30,737 [INFO] fastf1.fastf1.req: Using cached data for driver_info
req            INFO 	Using cached data for session_status_data
2026-08-12 21:59:30,754 [INFO] fastf1.fastf1.req: Using cached data for session_status_data
req            INFO 	Using cached data for lap_count
2026-08-12 21:59:30,755 [INFO] fastf1.fastf1.req: Using cached data for lap_count
req            INFO 	Using cached data for track_status_data
2026-08-12 21:59:30,755 [INFO] fastf1.fastf1.req: Using cached data for track_status_data
req            INFO 	Using cached data for _extended_timing_data
2026-08-12 21:59:30,759 [INFO] fastf1.fastf1.req: Using cached data for _extended_timing_data
req            INFO 	Using cached data for timing_app_data
2026-08-12 21:59:30,759 [INFO] fastf1.fastf1.req: Using cached data for timing_app_data
core           INFO 	Processing timing data...
2026-08-12 21:59:30,759 [INFO] fastf1.fastf1.core: Processing timing data...
core        WARNING 	Driver 16 completed the race distance 00:00.140000 before the recorded end of the session.
2026-08-12 21:59:31,335 [WARNING] fastf1.fastf1.core: Driver 16 completed the race distance 00:00.140000 before the recorded end of the session.
core           INFO 	Finished loading data for 20 drivers: ['16', '11', '63', '44', '4', '3', '31', '77', '10', '23', '24', '18', '47', '20', '22', '6', '14', '1', '5', '55']
2026-08-12 21:59:31,395 [INFO] fastf1.fastf1.core: Finished loading data for 20 drivers: ['16', '11', '63', '44', '4', '3', '31', '77', '10', '23', '24', '18', '47', '20', '22', '6', '14', '1', '5', '55']
core           INFO 	Loading data for Emilia Romagna Grand Prix - Race [v3.8.3]
2026-08-12 21:59:32,926 [INFO] fastf1.fastf1.core: Loading data for Emilia Romagna Grand Prix - Race [v3.8.3]
req            INFO 	Using cached data for session_info
2026-08-12 21:59:32,927 [INFO] fastf1.fastf1.req: Using cached data for session_info
req            INFO 	Using cached data for driver_info
2026-08-12 21:59:32,927 [INFO] fastf1.fastf1.req: Using cached data for driver_info
req            INFO 	Using cached data for session_status_data
2026-08-12 21:59:32,943 [INFO] fastf1.fastf1.req: Using cached data for session_status_data
req            INFO 	Using cached data for lap_count
2026-08-12 21:59:32,943 [INFO] fastf1.fastf1.req: Using cached data for lap_count
req            INFO 	Using cached data for track_status_data
2026-08-12 21:59:32,944 [INFO] fastf1.fastf1.req: Using cached data for track_status_data
req            INFO 	Using cached data for _extended_timing_data
2026-08-12 21:59:32,948 [INFO] fastf1.fastf1.req: Using cached data for _extended_timing_data
req            INFO 	Using cached data for timing_app_data
2026-08-12 21:59:32,948 [INFO] fastf1.fastf1.req: Using cached data for timing_app_data
core           INFO 	Processing timing data...
2026-08-12 21:59:32,948 [INFO] fastf1.fastf1.core: Processing timing data...
core           INFO 	Finished loading data for 20 drivers: ['1', '11', '4', '63', '77', '16', '22', '5', '20', '18', '23', '10', '44', '31', '24', '6', '47', '3', '14', '55']
2026-08-12 21:59:33,594 [INFO] fastf1.fastf1.core: Finished loading data for 20 drivers: ['1', '11', '4', '63', '77', '16', '22', '5', '20', '18', '23', '10', '44', '31', '24', '6', '47', '3', '14', '55']
core           INFO 	Loading data for Miami Grand Prix - Race [v3.8.3]
2026-08-12 21:59:35,123 [INFO] fastf1.fastf1.core: Loading data for Miami Grand Prix - Race [v3.8.3]
req            INFO 	Using cached data for session_info
2026-08-12 21:59:35,124 [INFO] fastf1.fastf1.req: Using cached data for session_info
req            INFO 	Using cached data for driver_info
2026-08-12 21:59:35,124 [INFO] fastf1.fastf1.req: Using cached data for driver_info
req            INFO 	Using cached data for session_status_data
2026-08-12 21:59:35,141 [INFO] fastf1.fastf1.req: Using cached data for session_status_data
req            INFO 	Using cached data for lap_count
2026-08-12 21:59:35,141 [INFO] fastf1.fastf1.req: Using cached data for lap_count
req            INFO 	Using cached data for track_status_data
2026-08-12 21:59:35,142 [INFO] fastf1.fastf1.req: Using cached data for track_status_data
req            INFO 	Using cached data for _extended_timing_data
2026-08-12 21:59:35,146 [INFO] fastf1.fastf1.req: Using cached data for _extended_timing_data
req            INFO 	Using cached data for timing_app_data
2026-08-12 21:59:35,147 [INFO] fastf1.fastf1.req: Using cached data for timing_app_data
core           INFO 	Processing timing data...
2026-08-12 21:59:35,147 [INFO] fastf1.fastf1.core: Processing timing data...
core           INFO 	Finished loading data for 20 drivers: ['1', '16', '55', '11', '63', '44', '77', '31', '23', '18', '14', '22', '3', '6', '47', '20', '5', '10', '4', '24']
2026-08-12 21:59:35,746 [INFO] fastf1.fastf1.core: Finished loading data for 20 drivers: ['1', '16', '55', '11', '63', '44', '77', '31', '23', '18', '14', '22', '3', '6', '47', '20', '5', '10', '4', '24']
core           INFO 	Loading data for Spanish Grand Prix - Race [v3.8.3]
2026-08-12 21:59:37,271 [INFO] fastf1.fastf1.core: Loading data for Spanish Grand Prix - Race [v3.8.3]
req            INFO 	Using cached data for session_info
2026-08-12 21:59:37,273 [INFO] fastf1.fastf1.req: Using cached data for session_info
req            INFO 	Using cached data for driver_info
2026-08-12 21:59:37,273 [INFO] fastf1.fastf1.req: Using cached data for driver_info
req            INFO 	Using cached data for session_status_data
2026-08-12 21:59:37,292 [INFO] fastf1.fastf1.req: Using cached data for session_status_data
req            INFO 	Using cached data for lap_count
2026-08-12 21:59:37,292 [INFO] fastf1.fastf1.req: Using cached data for lap_count
req            INFO 	Using cached data for track_status_data
2026-08-12 21:59:37,293 [INFO] fastf1.fastf1.req: Using cached data for track_status_data
req            INFO 	Using cached data for _extended_timing_data
2026-08-12 21:59:37,297 [INFO] fastf1.fastf1.req: Using cached data for _extended_timing_data
req            INFO 	Using cached data for timing_app_data
2026-08-12 21:59:37,298 [INFO] fastf1.fastf1.req: Using cached data for timing_app_data
core           INFO 	Processing timing data...
2026-08-12 21:59:37,298 [INFO] fastf1.fastf1.core: Processing timing data...
core           INFO 	Finished loading data for 20 drivers: ['1', '11', '63', '55', '44', '77', '31', '4', '14', '22', '5', '3', '10', '47', '18', '6', '20', '23', '24', '16']
2026-08-12 21:59:37,947 [INFO] fastf1.fastf1.core: Finished loading data for 20 drivers: ['1', '11', '63', '55', '44', '77', '31', '4', '14', '22', '5', '3', '10', '47', '18', '6', '20', '23', '24', '16']
core           INFO 	Loading data for Monaco Grand Prix - Race [v3.8.3]
2026-08-12 21:59:39,473 [INFO] fastf1.fastf1.core: Loading data for Monaco Grand Prix - Race [v3.8.3]
req            INFO 	Using cached data for session_info
2026-08-12 21:59:39,474 [INFO] fastf1.fastf1.req: Using cached data for session_info
req            INFO 	Using cached data for driver_info
2026-08-12 21:59:39,475 [INFO] fastf1.fastf1.req: Using cached data for driver_info
req            INFO 	Using cached data for session_status_data
2026-08-12 21:59:39,491 [INFO] fastf1.fastf1.req: Using cached data for session_status_data
req            INFO 	Using cached data for lap_count
2026-08-12 21:59:39,491 [INFO] fastf1.fastf1.req: Using cached data for lap_count
req            INFO 	Using cached data for track_status_data
2026-08-12 21:59:39,491 [INFO] fastf1.fastf1.req: Using cached data for track_status_data
req            INFO 	Using cached data for _extended_timing_data
2026-08-12 21:59:39,495 [INFO] fastf1.fastf1.req: Using cached data for _extended_timing_data
req            INFO 	Using cached data for timing_app_data
2026-08-12 21:59:39,496 [INFO] fastf1.fastf1.req: Using cached data for timing_app_data
core           INFO 	Processing timing data...
2026-08-12 21:59:39,496 [INFO] fastf1.fastf1.core: Processing timing data...
core        WARNING 	Fixed incorrect tyre stint information for driver '11'
2026-08-12 21:59:39,500 [WARNING] fastf1.fastf1.core: Fixed incorrect tyre stint information for driver '11'
core        WARNING 	Fixed incorrect tyre stint information for driver '55'
2026-08-12 21:59:39,524 [WARNING] fastf1.fastf1.core: Fixed incorrect tyre stint information for driver '55'
core        WARNING 	Fixed incorrect tyre stint information for driver '1'
2026-08-12 21:59:39,547 [WARNING] fastf1.fastf1.core: Fixed incorrect tyre stint information for driver '1'
core        WARNING 	Fixed incorrect tyre stint information for driver '16'
2026-08-12 21:59:39,571 [WARNING] fastf1.fastf1.core: Fixed incorrect tyre stint information for driver '16'
core        WARNING 	Fixed incorrect tyre stint information for driver '63'
2026-08-12 21:59:39,594 [WARNING] fastf1.fastf1.core: Fixed incorrect tyre stint information for driver '63'
core        WARNING 	Fixed incorrect tyre stint information for driver '4'
2026-08-12 21:59:39,617 [WARNING] fastf1.fastf1.core: Fixed incorrect tyre stint information for driver '4'
core        WARNING 	Fixed incorrect tyre stint information for driver '14'
2026-08-12 21:59:39,640 [WARNING] fastf1.fastf1.core: Fixed incorrect tyre stint information for driver '14'
core        WARNING 	Fixed incorrect tyre stint information for driver '44'
2026-08-12 21:59:39,663 [WARNING] fastf1.fastf1.core: Fixed incorrect tyre stint information for driver '44'
core        WARNING 	Fixed incorrect tyre stint information for driver '77'
2026-08-12 21:59:39,685 [WARNING] fastf1.fastf1.core: Fixed incorrect tyre stint information for driver '77'
core        WARNING 	Fixed incorrect tyre stint information for driver '5'
2026-08-12 21:59:39,709 [WARNING] fastf1.fastf1.core: Fixed incorrect tyre stint information for driver '5'
core        WARNING 	Fixed incorrect tyre stint information for driver '10'
2026-08-12 21:59:39,731 [WARNING] fastf1.fastf1.core: Fixed incorrect tyre stint information for driver '10'
core        WARNING 	Fixed incorrect tyre stint information for driver '31'
2026-08-12 21:59:39,753 [WARNING] fastf1.fastf1.core: Fixed incorrect tyre stint information for driver '31'
core        WARNING 	Fixed incorrect tyre stint information for driver '3'
2026-08-12 21:59:39,775 [WARNING] fastf1.fastf1.core: Fixed incorrect tyre stint information for driver '3'
core        WARNING 	Fixed incorrect tyre stint information for driver '18'
2026-08-12 21:59:39,798 [WARNING] fastf1.fastf1.core: Fixed incorrect tyre stint information for driver '18'
core        WARNING 	Fixed incorrect tyre stint information for driver '6'
2026-08-12 21:59:39,822 [WARNING] fastf1.fastf1.core: Fixed incorrect tyre stint information for driver '6'
core        WARNING 	Fixed incorrect tyre stint information for driver '24'
2026-08-12 21:59:39,842 [WARNING] fastf1.fastf1.core: Fixed incorrect tyre stint information for driver '24'
core        WARNING 	Fixed incorrect tyre stint information for driver '22'
2026-08-12 21:59:39,865 [WARNING] fastf1.fastf1.core: Fixed incorrect tyre stint information for driver '22'
core        WARNING 	Fixed incorrect tyre stint information for driver '23'
2026-08-12 21:59:39,889 [WARNING] fastf1.fastf1.core: Fixed incorrect tyre stint information for driver '23'
core        WARNING 	Fixed incorrect tyre stint information for driver '47'
2026-08-12 21:59:39,909 [WARNING] fastf1.fastf1.core: Fixed incorrect tyre stint information for driver '47'
core        WARNING 	Fixed incorrect tyre stint information for driver '20'
2026-08-12 21:59:39,922 [WARNING] fastf1.fastf1.core: Fixed incorrect tyre stint information for driver '20'
core           INFO 	Finished loading data for 20 drivers: ['11', '55', '1', '16', '63', '4', '14', '44', '77', '5', '10', '31', '3', '18', '6', '24', '22', '23', '47', '20']
2026-08-12 21:59:40,273 [INFO] fastf1.fastf1.core: Finished loading data for 20 drivers: ['11', '55', '1', '16', '63', '4', '14', '44', '77', '5', '10', '31', '3', '18', '6', '24', '22', '23', '47', '20']
core           INFO 	Loading data for Azerbaijan Grand Prix - Race [v3.8.3]
2026-08-12 21:59:41,799 [INFO] fastf1.fastf1.core: Loading data for Azerbaijan Grand Prix - Race [v3.8.3]
req            INFO 	Using cached data for session_info
2026-08-12 21:59:41,800 [INFO] fastf1.fastf1.req: Using cached data for session_info
req            INFO 	Using cached data for driver_info
2026-08-12 21:59:41,801 [INFO] fastf1.fastf1.req: Using cached data for driver_info
req            INFO 	Using cached data for session_status_data
2026-08-12 21:59:41,819 [INFO] fastf1.fastf1.req: Using cached data for session_status_data
req            INFO 	Using cached data for lap_count
2026-08-12 21:59:41,819 [INFO] fastf1.fastf1.req: Using cached data for lap_count
req            INFO 	Using cached data for track_status_data
2026-08-12 21:59:41,820 [INFO] fastf1.fastf1.req: Using cached data for track_status_data
req            INFO 	Using cached data for _extended_timing_data
2026-08-12 21:59:41,823 [INFO] fastf1.fastf1.req: Using cached data for _extended_timing_data
req            INFO 	Using cached data for timing_app_data
2026-08-12 21:59:41,824 [INFO] fastf1.fastf1.req: Using cached data for timing_app_data
core           INFO 	Processing timing data...
2026-08-12 21:59:41,824 [INFO] fastf1.fastf1.core: Processing timing data...
core           INFO 	Finished loading data for 20 drivers: ['1', '11', '63', '44', '10', '5', '14', '3', '4', '31', '77', '23', '22', '47', '6', '18', '20', '24', '16', '55']
2026-08-12 21:59:42,388 [INFO] fastf1.fastf1.core: Finished loading data for 20 drivers: ['1', '11', '63', '44', '10', '5', '14', '3', '4', '31', '77', '23', '22', '47', '6', '18', '20', '24', '16', '55']
core           INFO 	Loading data for Canadian Grand Prix - Race [v3.8.3]
2026-08-12 21:59:43,913 [INFO] fastf1.fastf1.core: Loading data for Canadian Grand Prix - Race [v3.8.3]
req            INFO 	Using cached data for session_info
2026-08-12 21:59:43,915 [INFO] fastf1.fastf1.req: Using cached data for session_info
req            INFO 	Using cached data for driver_info
2026-08-12 21:59:43,916 [INFO] fastf1.fastf1.req: Using cached data for driver_info
req            INFO 	Using cached data for session_status_data
2026-08-12 21:59:43,958 [INFO] fastf1.fastf1.req: Using cached data for session_status_data
req            INFO 	Using cached data for lap_count
2026-08-12 21:59:43,959 [INFO] fastf1.fastf1.req: Using cached data for lap_count
req            INFO 	Using cached data for track_status_data
2026-08-12 21:59:43,960 [INFO] fastf1.fastf1.req: Using cached data for track_status_data
req            INFO 	Using cached data for _extended_timing_data
2026-08-12 21:59:43,963 [INFO] fastf1.fastf1.req: Using cached data for _extended_timing_data
req            INFO 	Using cached data for timing_app_data
2026-08-12 21:59:43,964 [INFO] fastf1.fastf1.req: Using cached data for timing_app_data
core           INFO 	Processing timing data...
2026-08-12 21:59:43,964 [INFO] fastf1.fastf1.core: Processing timing data...
core           INFO 	Finished loading data for 20 drivers: ['1', '55', '44', '63', '16', '31', '77', '24', '14', '18', '3', '5', '23', '10', '4', '6', '20', '22', '47', '11']
2026-08-12 21:59:44,625 [INFO] fastf1.fastf1.core: Finished loading data for 20 drivers: ['1', '55', '44', '63', '16', '31', '77', '24', '14', '18', '3', '5', '23', '10', '4', '6', '20', '22', '47', '11']
core           INFO 	Loading data for British Grand Prix - Race [v3.8.3]
2026-08-12 21:59:46,153 [INFO] fastf1.fastf1.core: Loading data for British Grand Prix - Race [v3.8.3]
req            INFO 	Using cached data for session_info
2026-08-12 21:59:46,154 [INFO] fastf1.fastf1.req: Using cached data for session_info
req            INFO 	Using cached data for driver_info
2026-08-12 21:59:46,154 [INFO] fastf1.fastf1.req: Using cached data for driver_info
req            INFO 	Using cached data for session_status_data
2026-08-12 21:59:46,172 [INFO] fastf1.fastf1.req: Using cached data for session_status_data
req            INFO 	Using cached data for lap_count
2026-08-12 21:59:46,173 [INFO] fastf1.fastf1.req: Using cached data for lap_count
req            INFO 	Using cached data for track_status_data
2026-08-12 21:59:46,173 [INFO] fastf1.fastf1.req: Using cached data for track_status_data
req            INFO 	Using cached data for _extended_timing_data
2026-08-12 21:59:46,176 [INFO] fastf1.fastf1.req: Using cached data for _extended_timing_data
req            INFO 	Using cached data for timing_app_data
2026-08-12 21:59:46,177 [INFO] fastf1.fastf1.req: Using cached data for timing_app_data
core           INFO 	Processing timing data...
2026-08-12 21:59:46,177 [INFO] fastf1.fastf1.core: Processing timing data...
core           INFO 	Finished loading data for 20 drivers: ['55', '11', '44', '16', '14', '4', '1', '47', '5', '20', '18', '6', '3', '22', '31', '10', '77', '63', '24', '23']
2026-08-12 21:59:46,764 [INFO] fastf1.fastf1.core: Finished loading data for 20 drivers: ['55', '11', '44', '16', '14', '4', '1', '47', '5', '20', '18', '6', '3', '22', '31', '10', '77', '63', '24', '23']
core           INFO 	Loading data for Austrian Grand Prix - Race [v3.8.3]
2026-08-12 21:59:48,285 [INFO] fastf1.fastf1.core: Loading data for Austrian Grand Prix - Race [v3.8.3]
req            INFO 	Using cached data for session_info
2026-08-12 21:59:48,287 [INFO] fastf1.fastf1.req: Using cached data for session_info
req            INFO 	Using cached data for driver_info
2026-08-12 21:59:48,287 [INFO] fastf1.fastf1.req: Using cached data for driver_info
req            INFO 	Using cached data for session_status_data
2026-08-12 21:59:48,302 [INFO] fastf1.fastf1.req: Using cached data for session_status_data
req            INFO 	Using cached data for lap_count
2026-08-12 21:59:48,303 [INFO] fastf1.fastf1.req: Using cached data for lap_count
req            INFO 	Using cached data for track_status_data
2026-08-12 21:59:48,303 [INFO] fastf1.fastf1.req: Using cached data for track_status_data
req            INFO 	Using cached data for _extended_timing_data
2026-08-12 21:59:48,307 [INFO] fastf1.fastf1.req: Using cached data for _extended_timing_data
req            INFO 	Using cached data for timing_app_data
2026-08-12 21:59:48,307 [INFO] fastf1.fastf1.req: Using cached data for timing_app_data
core           INFO 	Processing timing data...
2026-08-12 21:59:48,307 [INFO] fastf1.fastf1.core: Processing timing data...
core        WARNING 	Fixed incorrect tyre stint information for driver '16'
2026-08-12 21:59:48,311 [WARNING] fastf1.fastf1.core: Fixed incorrect tyre stint information for driver '16'
core        WARNING 	Fixed incorrect tyre stint information for driver '1'
2026-08-12 21:59:48,327 [WARNING] fastf1.fastf1.core: Fixed incorrect tyre stint information for driver '1'
core        WARNING 	Fixed incorrect tyre stint information for driver '44'
2026-08-12 21:59:48,344 [WARNING] fastf1.fastf1.core: Fixed incorrect tyre stint information for driver '44'
core        WARNING 	Fixed incorrect tyre stint information for driver '63'
2026-08-12 21:59:48,360 [WARNING] fastf1.fastf1.core: Fixed incorrect tyre stint information for driver '63'
core        WARNING 	Fixed incorrect tyre stint information for driver '31'
2026-08-12 21:59:48,375 [WARNING] fastf1.fastf1.core: Fixed incorrect tyre stint information for driver '31'
core        WARNING 	Fixed incorrect tyre stint information for driver '47'
2026-08-12 21:59:48,390 [WARNING] fastf1.fastf1.core: Fixed incorrect tyre stint information for driver '47'
core        WARNING 	Fixed incorrect tyre stint information for driver '4'
2026-08-12 21:59:48,405 [WARNING] fastf1.fastf1.core: Fixed incorrect tyre stint information for driver '4'
core        WARNING 	Fixed incorrect tyre stint information for driver '20'
2026-08-12 21:59:48,419 [WARNING] fastf1.fastf1.core: Fixed incorrect tyre stint information for driver '20'
core        WARNING 	Fixed incorrect tyre stint information for driver '3'
2026-08-12 21:59:48,434 [WARNING] fastf1.fastf1.core: Fixed incorrect tyre stint information for driver '3'
core        WARNING 	Fixed incorrect tyre stint information for driver '14'
2026-08-12 21:59:48,449 [WARNING] fastf1.fastf1.core: Fixed incorrect tyre stint information for driver '14'
core        WARNING 	Fixed incorrect tyre stint information for driver '77'
2026-08-12 21:59:48,464 [WARNING] fastf1.fastf1.core: Fixed incorrect tyre stint information for driver '77'
core        WARNING 	Fixed incorrect tyre stint information for driver '23'
2026-08-12 21:59:48,477 [WARNING] fastf1.fastf1.core: Fixed incorrect tyre stint information for driver '23'
core        WARNING 	Fixed incorrect tyre stint information for driver '18'
2026-08-12 21:59:48,491 [WARNING] fastf1.fastf1.core: Fixed incorrect tyre stint information for driver '18'
core        WARNING 	Fixed incorrect tyre stint information for driver '24'
2026-08-12 21:59:48,506 [WARNING] fastf1.fastf1.core: Fixed incorrect tyre stint information for driver '24'
core        WARNING 	Fixed incorrect tyre stint information for driver '10'
2026-08-12 21:59:48,521 [WARNING] fastf1.fastf1.core: Fixed incorrect tyre stint information for driver '10'
core        WARNING 	Fixed incorrect tyre stint information for driver '22'
2026-08-12 21:59:48,536 [WARNING] fastf1.fastf1.core: Fixed incorrect tyre stint information for driver '22'
core        WARNING 	Fixed incorrect tyre stint information for driver '5'
2026-08-12 21:59:48,551 [WARNING] fastf1.fastf1.core: Fixed incorrect tyre stint information for driver '5'
core        WARNING 	Fixed incorrect tyre stint information for driver '55'
2026-08-12 21:59:48,567 [WARNING] fastf1.fastf1.core: Fixed incorrect tyre stint information for driver '55'
core        WARNING 	Fixed incorrect tyre stint information for driver '6'
2026-08-12 21:59:48,580 [WARNING] fastf1.fastf1.core: Fixed incorrect tyre stint information for driver '6'
core        WARNING 	Fixed incorrect tyre stint information for driver '11'
2026-08-12 21:59:48,592 [WARNING] fastf1.fastf1.core: Fixed incorrect tyre stint information for driver '11'
core        WARNING 	Driver 16 completed the race distance 00:00.024000 before the recorded end of the session.
2026-08-12 21:59:48,907 [WARNING] fastf1.fastf1.core: Driver 16 completed the race distance 00:00.024000 before the recorded end of the session.
core           INFO 	Finished loading data for 20 drivers: ['16', '1', '44', '63', '31', '47', '4', '20', '3', '14', '77', '23', '18', '24', '10', '22', '5', '55', '6', '11']
2026-08-12 21:59:48,937 [INFO] fastf1.fastf1.core: Finished loading data for 20 drivers: ['16', '1', '44', '63', '31', '47', '4', '20', '3', '14', '77', '23', '18', '24', '10', '22', '5', '55', '6', '11']
core           INFO 	Loading data for French Grand Prix - Race [v3.8.3]
2026-08-12 21:59:50,465 [INFO] fastf1.fastf1.core: Loading data for French Grand Prix - Race [v3.8.3]
req            INFO 	Using cached data for session_info
2026-08-12 21:59:50,466 [INFO] fastf1.fastf1.req: Using cached data for session_info
req            INFO 	Using cached data for driver_info
2026-08-12 21:59:50,467 [INFO] fastf1.fastf1.req: Using cached data for driver_info
req            INFO 	Using cached data for session_status_data
2026-08-12 21:59:50,485 [INFO] fastf1.fastf1.req: Using cached data for session_status_data
req            INFO 	Using cached data for lap_count
2026-08-12 21:59:50,485 [INFO] fastf1.fastf1.req: Using cached data for lap_count
req            INFO 	Using cached data for track_status_data
2026-08-12 21:59:50,486 [INFO] fastf1.fastf1.req: Using cached data for track_status_data
req            INFO 	Using cached data for _extended_timing_data
2026-08-12 21:59:50,490 [INFO] fastf1.fastf1.req: Using cached data for _extended_timing_data
req            INFO 	Using cached data for timing_app_data
2026-08-12 21:59:50,490 [INFO] fastf1.fastf1.req: Using cached data for timing_app_data
core           INFO 	Processing timing data...
2026-08-12 21:59:50,491 [INFO] fastf1.fastf1.core: Processing timing data...
core        WARNING 	Driver 1 completed the race distance 00:00.041000 before the recorded end of the session.
2026-08-12 21:59:51,027 [WARNING] fastf1.fastf1.core: Driver 1 completed the race distance 00:00.041000 before the recorded end of the session.
core           INFO 	Finished loading data for 20 drivers: ['1', '44', '63', '11', '55', '14', '4', '31', '3', '18', '5', '10', '23', '77', '47', '24', '6', '20', '16', '22']
2026-08-12 21:59:51,076 [INFO] fastf1.fastf1.core: Finished loading data for 20 drivers: ['1', '44', '63', '11', '55', '14', '4', '31', '3', '18', '5', '10', '23', '77', '47', '24', '6', '20', '16', '22']
core           INFO 	Loading data for Hungarian Grand Prix - Race [v3.8.3]
2026-08-12 21:59:52,604 [INFO] fastf1.fastf1.core: Loading data for Hungarian Grand Prix - Race [v3.8.3]
req            INFO 	Using cached data for session_info
2026-08-12 21:59:52,605 [INFO] fastf1.fastf1.req: Using cached data for session_info
req            INFO 	Using cached data for driver_info
2026-08-12 21:59:52,606 [INFO] fastf1.fastf1.req: Using cached data for driver_info
req            INFO 	Using cached data for session_status_data
2026-08-12 21:59:52,623 [INFO] fastf1.fastf1.req: Using cached data for session_status_data
req            INFO 	Using cached data for lap_count
2026-08-12 21:59:52,624 [INFO] fastf1.fastf1.req: Using cached data for lap_count
req            INFO 	Using cached data for track_status_data
2026-08-12 21:59:52,624 [INFO] fastf1.fastf1.req: Using cached data for track_status_data
req            INFO 	Using cached data for _extended_timing_data
2026-08-12 21:59:52,628 [INFO] fastf1.fastf1.req: Using cached data for _extended_timing_data
req            INFO 	Using cached data for timing_app_data
2026-08-12 21:59:52,629 [INFO] fastf1.fastf1.req: Using cached data for timing_app_data
core           INFO 	Processing timing data...
2026-08-12 21:59:52,629 [INFO] fastf1.fastf1.core: Processing timing data...
core           INFO 	Finished loading data for 20 drivers: ['1', '44', '63', '55', '11', '16', '4', '14', '31', '5', '18', '10', '24', '47', '3', '20', '23', '6', '22', '77']
2026-08-12 21:59:53,449 [INFO] fastf1.fastf1.core: Finished loading data for 20 drivers: ['1', '44', '63', '55', '11', '16', '4', '14', '31', '5', '18', '10', '24', '47', '3', '20', '23', '6', '22', '77']
core           INFO 	Loading data for Belgian Grand Prix - Race [v3.8.3]
2026-08-12 21:59:54,975 [INFO] fastf1.fastf1.core: Loading data for Belgian Grand Prix - Race [v3.8.3]
req            INFO 	Using cached data for session_info
2026-08-12 21:59:54,976 [INFO] fastf1.fastf1.req: Using cached data for session_info
req            INFO 	Using cached data for driver_info
2026-08-12 21:59:54,976 [INFO] fastf1.fastf1.req: Using cached data for driver_info
req            INFO 	Using cached data for session_status_data
2026-08-12 21:59:54,994 [INFO] fastf1.fastf1.req: Using cached data for session_status_data
req            INFO 	Using cached data for lap_count
2026-08-12 21:59:54,995 [INFO] fastf1.fastf1.req: Using cached data for lap_count
req            INFO 	Using cached data for track_status_data
2026-08-12 21:59:54,995 [INFO] fastf1.fastf1.req: Using cached data for track_status_data
req            INFO 	Using cached data for _extended_timing_data
2026-08-12 21:59:54,999 [INFO] fastf1.fastf1.req: Using cached data for _extended_timing_data
req            INFO 	Using cached data for timing_app_data
2026-08-12 21:59:55,000 [INFO] fastf1.fastf1.req: Using cached data for timing_app_data
core           INFO 	Processing timing data...
2026-08-12 21:59:55,000 [INFO] fastf1.fastf1.core: Processing timing data...
core        WARNING 	Fixed incorrect tyre stint information for driver '10'
2026-08-12 21:59:55,111 [WARNING] fastf1.fastf1.core: Fixed incorrect tyre stint information for driver '10'
core        WARNING 	Fixed incorrect tyre stint information for driver '22'
2026-08-12 21:59:55,163 [WARNING] fastf1.fastf1.core: Fixed incorrect tyre stint information for driver '22'
core           INFO 	Finished loading data for 20 drivers: ['1', '11', '55', '63', '14', '16', '31', '5', '10', '23', '18', '4', '22', '24', '3', '20', '47', '6', '77', '44']
2026-08-12 21:59:55,493 [INFO] fastf1.fastf1.core: Finished loading data for 20 drivers: ['1', '11', '55', '63', '14', '16', '31', '5', '10', '23', '18', '4', '22', '24', '3', '20', '47', '6', '77', '44']
core           INFO 	Loading data for Dutch Grand Prix - Race [v3.8.3]
2026-08-12 21:59:57,015 [INFO] fastf1.fastf1.core: Loading data for Dutch Grand Prix - Race [v3.8.3]
req            INFO 	Using cached data for session_info
2026-08-12 21:59:57,015 [INFO] fastf1.fastf1.req: Using cached data for session_info
req            INFO 	Using cached data for driver_info
2026-08-12 21:59:57,016 [INFO] fastf1.fastf1.req: Using cached data for driver_info
req            INFO 	Using cached data for session_status_data
2026-08-12 21:59:57,031 [INFO] fastf1.fastf1.req: Using cached data for session_status_data
req            INFO 	Using cached data for lap_count
2026-08-12 21:59:57,031 [INFO] fastf1.fastf1.req: Using cached data for lap_count
req            INFO 	Using cached data for track_status_data
2026-08-12 21:59:57,032 [INFO] fastf1.fastf1.req: Using cached data for track_status_data
req            INFO 	Using cached data for _extended_timing_data
2026-08-12 21:59:57,036 [INFO] fastf1.fastf1.req: Using cached data for _extended_timing_data
req            INFO 	Using cached data for timing_app_data
2026-08-12 21:59:57,037 [INFO] fastf1.fastf1.req: Using cached data for timing_app_data
core           INFO 	Processing timing data...
2026-08-12 21:59:57,037 [INFO] fastf1.fastf1.core: Processing timing data...
core           INFO 	Finished loading data for 20 drivers: ['1', '63', '16', '44', '11', '14', '4', '55', '31', '18', '10', '23', '47', '5', '20', '24', '3', '6', '77', '22']
2026-08-12 21:59:57,787 [INFO] fastf1.fastf1.core: Finished loading data for 20 drivers: ['1', '63', '16', '44', '11', '14', '4', '55', '31', '18', '10', '23', '47', '5', '20', '24', '3', '6', '77', '22']
core           INFO 	Loading data for Italian Grand Prix - Race [v3.8.3]
2026-08-12 21:59:59,314 [INFO] fastf1.fastf1.core: Loading data for Italian Grand Prix - Race [v3.8.3]
req            INFO 	Using cached data for session_info
2026-08-12 21:59:59,315 [INFO] fastf1.fastf1.req: Using cached data for session_info
req            INFO 	Using cached data for driver_info
2026-08-12 21:59:59,316 [INFO] fastf1.fastf1.req: Using cached data for driver_info
req            INFO 	Using cached data for session_status_data
2026-08-12 21:59:59,334 [INFO] fastf1.fastf1.req: Using cached data for session_status_data
req            INFO 	Using cached data for lap_count
2026-08-12 21:59:59,334 [INFO] fastf1.fastf1.req: Using cached data for lap_count
req            INFO 	Using cached data for track_status_data
2026-08-12 21:59:59,335 [INFO] fastf1.fastf1.req: Using cached data for track_status_data
req            INFO 	Using cached data for _extended_timing_data
2026-08-12 21:59:59,338 [INFO] fastf1.fastf1.req: Using cached data for _extended_timing_data
req            INFO 	Using cached data for timing_app_data
2026-08-12 21:59:59,339 [INFO] fastf1.fastf1.req: Using cached data for timing_app_data
core           INFO 	Processing timing data...
2026-08-12 21:59:59,339 [INFO] fastf1.fastf1.core: Processing timing data...
core           INFO 	Finished loading data for 20 drivers: ['1', '16', '63', '55', '44', '11', '4', '10', '45', '24', '31', '47', '77', '22', '6', '20', '3', '18', '14', '5']
2026-08-12 21:59:59,911 [INFO] fastf1.fastf1.core: Finished loading data for 20 drivers: ['1', '16', '63', '55', '44', '11', '4', '10', '45', '24', '31', '47', '77', '22', '6', '20', '3', '18', '14', '5']
core           INFO 	Loading data for Singapore Grand Prix - Race [v3.8.3]
2026-08-12 22:00:01,432 [INFO] fastf1.fastf1.core: Loading data for Singapore Grand Prix - Race [v3.8.3]
req            INFO 	Using cached data for session_info
2026-08-12 22:00:01,433 [INFO] fastf1.fastf1.req: Using cached data for session_info
req            INFO 	Using cached data for driver_info
2026-08-12 22:00:01,434 [INFO] fastf1.fastf1.req: Using cached data for driver_info
req            INFO 	Using cached data for session_status_data
2026-08-12 22:00:01,449 [INFO] fastf1.fastf1.req: Using cached data for session_status_data
req            INFO 	Using cached data for lap_count
2026-08-12 22:00:01,449 [INFO] fastf1.fastf1.req: Using cached data for lap_count
req            INFO 	Using cached data for track_status_data
2026-08-12 22:00:01,449 [INFO] fastf1.fastf1.req: Using cached data for track_status_data
req            INFO 	Using cached data for _extended_timing_data
2026-08-12 22:00:01,453 [INFO] fastf1.fastf1.req: Using cached data for _extended_timing_data
req            INFO 	Using cached data for timing_app_data
2026-08-12 22:00:01,454 [INFO] fastf1.fastf1.req: Using cached data for timing_app_data
core           INFO 	Processing timing data...
2026-08-12 22:00:01,454 [INFO] fastf1.fastf1.core: Processing timing data...
core           INFO 	Finished loading data for 20 drivers: ['11', '16', '55', '4', '3', '18', '1', '5', '44', '10', '77', '20', '47', '63', '22', '31', '23', '14', '6', '24']
2026-08-12 22:00:02,115 [INFO] fastf1.fastf1.core: Finished loading data for 20 drivers: ['11', '16', '55', '4', '3', '18', '1', '5', '44', '10', '77', '20', '47', '63', '22', '31', '23', '14', '6', '24']
core           INFO 	Loading data for Japanese Grand Prix - Race [v3.8.3]
2026-08-12 22:00:03,642 [INFO] fastf1.fastf1.core: Loading data for Japanese Grand Prix - Race [v3.8.3]
req            INFO 	Using cached data for session_info
2026-08-12 22:00:03,642 [INFO] fastf1.fastf1.req: Using cached data for session_info
req            INFO 	Using cached data for driver_info
2026-08-12 22:00:03,643 [INFO] fastf1.fastf1.req: Using cached data for driver_info
req            INFO 	Using cached data for session_status_data
2026-08-12 22:00:03,659 [INFO] fastf1.fastf1.req: Using cached data for session_status_data
req            INFO 	Using cached data for lap_count
2026-08-12 22:00:03,660 [INFO] fastf1.fastf1.req: Using cached data for lap_count
req            INFO 	Using cached data for track_status_data
2026-08-12 22:00:03,660 [INFO] fastf1.fastf1.req: Using cached data for track_status_data
req            INFO 	Using cached data for _extended_timing_data
2026-08-12 22:00:03,662 [INFO] fastf1.fastf1.req: Using cached data for _extended_timing_data
req            INFO 	Using cached data for timing_app_data
2026-08-12 22:00:03,663 [INFO] fastf1.fastf1.req: Using cached data for timing_app_data
core           INFO 	Processing timing data...
2026-08-12 22:00:03,663 [INFO] fastf1.fastf1.core: Processing timing data...
core           INFO 	Finished loading data for 20 drivers: ['1', '11', '16', '31', '44', '5', '14', '63', '6', '4', '3', '18', '22', '20', '77', '24', '47', '10', '55', '23']
2026-08-12 22:00:04,073 [INFO] fastf1.fastf1.core: Finished loading data for 20 drivers: ['1', '11', '16', '31', '44', '5', '14', '63', '6', '4', '3', '18', '22', '20', '77', '24', '47', '10', '55', '23']
core           INFO 	Loading data for United States Grand Prix - Race [v3.8.3]
2026-08-12 22:00:05,599 [INFO] fastf1.fastf1.core: Loading data for United States Grand Prix - Race [v3.8.3]
req            INFO 	Using cached data for session_info
2026-08-12 22:00:05,600 [INFO] fastf1.fastf1.req: Using cached data for session_info
req            INFO 	Using cached data for driver_info
2026-08-12 22:00:05,601 [INFO] fastf1.fastf1.req: Using cached data for driver_info
req            INFO 	Using cached data for session_status_data
2026-08-12 22:00:05,619 [INFO] fastf1.fastf1.req: Using cached data for session_status_data
req            INFO 	Using cached data for lap_count
2026-08-12 22:00:05,620 [INFO] fastf1.fastf1.req: Using cached data for lap_count
req            INFO 	Using cached data for track_status_data
2026-08-12 22:00:05,620 [INFO] fastf1.fastf1.req: Using cached data for track_status_data
req            INFO 	Using cached data for _extended_timing_data
2026-08-12 22:00:05,623 [INFO] fastf1.fastf1.req: Using cached data for _extended_timing_data
req            INFO 	Using cached data for timing_app_data
2026-08-12 22:00:05,624 [INFO] fastf1.fastf1.req: Using cached data for timing_app_data
core           INFO 	Processing timing data...
2026-08-12 22:00:05,624 [INFO] fastf1.fastf1.core: Processing timing data...
core           INFO 	Finished loading data for 20 drivers: ['1', '44', '16', '11', '63', '4', '14', '5', '20', '22', '31', '24', '23', '10', '47', '3', '6', '18', '77', '55']
2026-08-12 22:00:06,211 [INFO] fastf1.fastf1.core: Finished loading data for 20 drivers: ['1', '44', '16', '11', '63', '4', '14', '5', '20', '22', '31', '24', '23', '10', '47', '3', '6', '18', '77', '55']
core           INFO 	Loading data for Mexico City Grand Prix - Race [v3.8.3]
2026-08-12 22:00:07,739 [INFO] fastf1.fastf1.core: Loading data for Mexico City Grand Prix - Race [v3.8.3]
req            INFO 	Using cached data for session_info
2026-08-12 22:00:07,739 [INFO] fastf1.fastf1.req: Using cached data for session_info
req            INFO 	Using cached data for driver_info
2026-08-12 22:00:07,740 [INFO] fastf1.fastf1.req: Using cached data for driver_info
req            INFO 	Using cached data for session_status_data
2026-08-12 22:00:07,756 [INFO] fastf1.fastf1.req: Using cached data for session_status_data
req            INFO 	Using cached data for lap_count
2026-08-12 22:00:07,756 [INFO] fastf1.fastf1.req: Using cached data for lap_count
req            INFO 	Using cached data for track_status_data
2026-08-12 22:00:07,757 [INFO] fastf1.fastf1.req: Using cached data for track_status_data
req            INFO 	Using cached data for _extended_timing_data
2026-08-12 22:00:07,761 [INFO] fastf1.fastf1.req: Using cached data for _extended_timing_data
req            INFO 	Using cached data for timing_app_data
2026-08-12 22:00:07,762 [INFO] fastf1.fastf1.req: Using cached data for timing_app_data
core           INFO 	Processing timing data...
2026-08-12 22:00:07,762 [INFO] fastf1.fastf1.core: Processing timing data...
core           INFO 	Finished loading data for 20 drivers: ['1', '44', '11', '63', '55', '16', '3', '31', '4', '77', '10', '23', '24', '5', '18', '47', '20', '6', '14', '22']
2026-08-12 22:00:08,421 [INFO] fastf1.fastf1.core: Finished loading data for 20 drivers: ['1', '44', '11', '63', '55', '16', '3', '31', '4', '77', '10', '23', '24', '5', '18', '47', '20', '6', '14', '22']
core           INFO 	Loading data for São Paulo Grand Prix - Race [v3.8.3]
2026-08-12 22:00:09,950 [INFO] fastf1.fastf1.core: Loading data for São Paulo Grand Prix - Race [v3.8.3]
req            INFO 	Using cached data for session_info
2026-08-12 22:00:09,950 [INFO] fastf1.fastf1.req: Using cached data for session_info
req            INFO 	Using cached data for driver_info
2026-08-12 22:00:09,951 [INFO] fastf1.fastf1.req: Using cached data for driver_info
req            INFO 	Using cached data for session_status_data
2026-08-12 22:00:09,968 [INFO] fastf1.fastf1.req: Using cached data for session_status_data
req            INFO 	Using cached data for lap_count
2026-08-12 22:00:09,969 [INFO] fastf1.fastf1.req: Using cached data for lap_count
req            INFO 	Using cached data for track_status_data
2026-08-12 22:00:09,970 [INFO] fastf1.fastf1.req: Using cached data for track_status_data
req            INFO 	Using cached data for _extended_timing_data
2026-08-12 22:00:09,973 [INFO] fastf1.fastf1.req: Using cached data for _extended_timing_data
req            INFO 	Using cached data for timing_app_data
2026-08-12 22:00:09,974 [INFO] fastf1.fastf1.req: Using cached data for timing_app_data
core           INFO 	Processing timing data...
2026-08-12 22:00:09,974 [INFO] fastf1.fastf1.core: Processing timing data...
core           INFO 	Finished loading data for 20 drivers: ['63', '44', '55', '16', '14', '1', '11', '31', '77', '18', '5', '24', '47', '10', '23', '6', '22', '4', '20', '3']
2026-08-12 22:00:10,715 [INFO] fastf1.fastf1.core: Finished loading data for 20 drivers: ['63', '44', '55', '16', '14', '1', '11', '31', '77', '18', '5', '24', '47', '10', '23', '6', '22', '4', '20', '3']
core           INFO 	Loading data for Abu Dhabi Grand Prix - Race [v3.8.3]
2026-08-12 22:00:12,235 [INFO] fastf1.fastf1.core: Loading data for Abu Dhabi Grand Prix - Race [v3.8.3]
req            INFO 	Using cached data for session_info
2026-08-12 22:00:12,236 [INFO] fastf1.fastf1.req: Using cached data for session_info
req            INFO 	Using cached data for driver_info
2026-08-12 22:00:12,236 [INFO] fastf1.fastf1.req: Using cached data for driver_info
req            INFO 	Using cached data for session_status_data
2026-08-12 22:00:12,252 [INFO] fastf1.fastf1.req: Using cached data for session_status_data
req            INFO 	Using cached data for lap_count
2026-08-12 22:00:12,253 [INFO] fastf1.fastf1.req: Using cached data for lap_count
req            INFO 	Using cached data for track_status_data
2026-08-12 22:00:12,253 [INFO] fastf1.fastf1.req: Using cached data for track_status_data
req            INFO 	Using cached data for _extended_timing_data
2026-08-12 22:00:12,258 [INFO] fastf1.fastf1.req: Using cached data for _extended_timing_data
req            INFO 	Using cached data for timing_app_data
2026-08-12 22:00:12,258 [INFO] fastf1.fastf1.req: Using cached data for timing_app_data
core           INFO 	Processing timing data...
2026-08-12 22:00:12,258 [INFO] fastf1.fastf1.core: Processing timing data...
core           INFO 	Finished loading data for 20 drivers: ['1', '16', '11', '55', '63', '4', '31', '18', '3', '5', '22', '24', '23', '10', '77', '47', '20', '44', '6', '14']
2026-08-12 22:00:12,869 [INFO] fastf1.fastf1.core: Finished loading data for 20 drivers: ['1', '16', '11', '55', '63', '4', '31', '18', '3', '5', '22', '24', '23', '10', '77', '47', '20', '44', '6', '14']
2026-08-12 22:00:12,954 [INFO] src.data_fetch: Saved 23577 lap rows to /Users/adhithiyaram/github-classroom/ACM40960/projects-adhithiyaram-tharun/data/raw/lap_data_2022.csv
core           INFO 	Loading data for Bahrain Grand Prix - Race [v3.8.3]
2026-08-12 22:00:13,123 [INFO] fastf1.fastf1.core: Loading data for Bahrain Grand Prix - Race [v3.8.3]
req            INFO 	Using cached data for session_info
2026-08-12 22:00:13,123 [INFO] fastf1.fastf1.req: Using cached data for session_info
req            INFO 	Using cached data for driver_info
2026-08-12 22:00:13,124 [INFO] fastf1.fastf1.req: Using cached data for driver_info
req            INFO 	Using cached data for session_status_data
2026-08-12 22:00:13,138 [INFO] fastf1.fastf1.req: Using cached data for session_status_data
req            INFO 	Using cached data for lap_count
2026-08-12 22:00:13,138 [INFO] fastf1.fastf1.req: Using cached data for lap_count
req            INFO 	Using cached data for track_status_data
2026-08-12 22:00:13,139 [INFO] fastf1.fastf1.req: Using cached data for track_status_data
req            INFO 	Using cached data for _extended_timing_data
2026-08-12 22:00:13,143 [INFO] fastf1.fastf1.req: Using cached data for _extended_timing_data
req            INFO 	Using cached data for timing_app_data
2026-08-12 22:00:13,144 [INFO] fastf1.fastf1.req: Using cached data for timing_app_data
core           INFO 	Processing timing data...
2026-08-12 22:00:13,144 [INFO] fastf1.fastf1.core: Processing timing data...
core           INFO 	Finished loading data for 20 drivers: ['1', '11', '14', '55', '44', '18', '63', '77', '10', '23', '22', '2', '20', '21', '27', '24', '4', '31', '16', '81']
2026-08-12 22:00:13,764 [INFO] fastf1.fastf1.core: Finished loading data for 20 drivers: ['1', '11', '14', '55', '44', '18', '63', '77', '10', '23', '22', '2', '20', '21', '27', '24', '4', '31', '16', '81']
core           INFO 	Loading data for Saudi Arabian Grand Prix - Race [v3.8.3]
2026-08-12 22:00:15,287 [INFO] fastf1.fastf1.core: Loading data for Saudi Arabian Grand Prix - Race [v3.8.3]
req            INFO 	Using cached data for session_info
2026-08-12 22:00:15,288 [INFO] fastf1.fastf1.req: Using cached data for session_info
req            INFO 	Using cached data for driver_info
2026-08-12 22:00:15,289 [INFO] fastf1.fastf1.req: Using cached data for driver_info
req            INFO 	Using cached data for session_status_data
2026-08-12 22:00:15,309 [INFO] fastf1.fastf1.req: Using cached data for session_status_data
req            INFO 	Using cached data for lap_count
2026-08-12 22:00:15,310 [INFO] fastf1.fastf1.req: Using cached data for lap_count
req            INFO 	Using cached data for track_status_data
2026-08-12 22:00:15,311 [INFO] fastf1.fastf1.req: Using cached data for track_status_data
req            INFO 	Using cached data for _extended_timing_data
2026-08-12 22:00:15,318 [INFO] fastf1.fastf1.req: Using cached data for _extended_timing_data
req            INFO 	Using cached data for timing_app_data
2026-08-12 22:00:15,318 [INFO] fastf1.fastf1.req: Using cached data for timing_app_data
core           INFO 	Processing timing data...
2026-08-12 22:00:15,319 [INFO] fastf1.fastf1.core: Processing timing data...
core        WARNING 	Driver 11 completed the race distance 00:00.035000 before the recorded end of the session.
2026-08-12 22:00:16,199 [WARNING] fastf1.fastf1.core: Driver 11 completed the race distance 00:00.035000 before the recorded end of the session.
core           INFO 	Finished loading data for 20 drivers: ['11', '1', '14', '63', '44', '55', '16', '31', '10', '20', '22', '27', '24', '21', '81', '2', '4', '77', '23', '18']
2026-08-12 22:00:16,235 [INFO] fastf1.fastf1.core: Finished loading data for 20 drivers: ['11', '1', '14', '63', '44', '55', '16', '31', '10', '20', '22', '27', '24', '21', '81', '2', '4', '77', '23', '18']
core           INFO 	Loading data for Australian Grand Prix - Race [v3.8.3]
2026-08-12 22:00:17,762 [INFO] fastf1.fastf1.core: Loading data for Australian Grand Prix - Race [v3.8.3]
req            INFO 	Using cached data for session_info
2026-08-12 22:00:17,763 [INFO] fastf1.fastf1.req: Using cached data for session_info
req            INFO 	Using cached data for driver_info
2026-08-12 22:00:17,763 [INFO] fastf1.fastf1.req: Using cached data for driver_info
req            INFO 	Using cached data for session_status_data
2026-08-12 22:00:17,781 [INFO] fastf1.fastf1.req: Using cached data for session_status_data
req            INFO 	Using cached data for lap_count
2026-08-12 22:00:17,782 [INFO] fastf1.fastf1.req: Using cached data for lap_count
req            INFO 	Using cached data for track_status_data
2026-08-12 22:00:17,782 [INFO] fastf1.fastf1.req: Using cached data for track_status_data
req            INFO 	Using cached data for _extended_timing_data
2026-08-12 22:00:17,785 [INFO] fastf1.fastf1.req: Using cached data for _extended_timing_data
req            INFO 	Using cached data for timing_app_data
2026-08-12 22:00:17,786 [INFO] fastf1.fastf1.req: Using cached data for timing_app_data
core           INFO 	Processing timing data...
2026-08-12 22:00:17,786 [INFO] fastf1.fastf1.core: Processing timing data...
core           INFO 	Finished loading data for 20 drivers: ['1', '44', '14', '18', '11', '4', '27', '81', '24', '22', '77', '55', '10', '31', '21', '2', '20', '63', '23', '16']
2026-08-12 22:00:18,634 [INFO] fastf1.fastf1.core: Finished loading data for 20 drivers: ['1', '44', '14', '18', '11', '4', '27', '81', '24', '22', '77', '55', '10', '31', '21', '2', '20', '63', '23', '16']
core           INFO 	Loading data for Azerbaijan Grand Prix - Race [v3.8.3]
2026-08-12 22:00:20,162 [INFO] fastf1.fastf1.core: Loading data for Azerbaijan Grand Prix - Race [v3.8.3]
req            INFO 	Using cached data for session_info
2026-08-12 22:00:20,163 [INFO] fastf1.fastf1.req: Using cached data for session_info
req            INFO 	Using cached data for driver_info
2026-08-12 22:00:20,164 [INFO] fastf1.fastf1.req: Using cached data for driver_info
req            INFO 	Using cached data for session_status_data
2026-08-12 22:00:20,182 [INFO] fastf1.fastf1.req: Using cached data for session_status_data
req            INFO 	Using cached data for lap_count
2026-08-12 22:00:20,182 [INFO] fastf1.fastf1.req: Using cached data for lap_count
req            INFO 	Using cached data for track_status_data
2026-08-12 22:00:20,182 [INFO] fastf1.fastf1.req: Using cached data for track_status_data
req            INFO 	Using cached data for _extended_timing_data
2026-08-12 22:00:20,186 [INFO] fastf1.fastf1.req: Using cached data for _extended_timing_data
req            INFO 	Using cached data for timing_app_data
2026-08-12 22:00:20,187 [INFO] fastf1.fastf1.req: Using cached data for timing_app_data
core           INFO 	Processing timing data...
2026-08-12 22:00:20,187 [INFO] fastf1.fastf1.core: Processing timing data...
core           INFO 	Finished loading data for 20 drivers: ['11', '1', '16', '14', '55', '44', '18', '63', '4', '22', '81', '23', '20', '10', '31', '2', '27', '77', '24', '21']
2026-08-12 22:00:20,804 [INFO] fastf1.fastf1.core: Finished loading data for 20 drivers: ['11', '1', '16', '14', '55', '44', '18', '63', '4', '22', '81', '23', '20', '10', '31', '2', '27', '77', '24', '21']
core           INFO 	Loading data for Miami Grand Prix - Race [v3.8.3]
2026-08-12 22:00:22,333 [INFO] fastf1.fastf1.core: Loading data for Miami Grand Prix - Race [v3.8.3]
req            INFO 	Using cached data for session_info
2026-08-12 22:00:22,335 [INFO] fastf1.fastf1.req: Using cached data for session_info
req            INFO 	Using cached data for driver_info
2026-08-12 22:00:22,335 [INFO] fastf1.fastf1.req: Using cached data for driver_info
req            INFO 	Using cached data for session_status_data
2026-08-12 22:00:22,352 [INFO] fastf1.fastf1.req: Using cached data for session_status_data
req            INFO 	Using cached data for lap_count
2026-08-12 22:00:22,353 [INFO] fastf1.fastf1.req: Using cached data for lap_count
req            INFO 	Using cached data for track_status_data
2026-08-12 22:00:22,353 [INFO] fastf1.fastf1.req: Using cached data for track_status_data
req            INFO 	Using cached data for _extended_timing_data
2026-08-12 22:00:22,357 [INFO] fastf1.fastf1.req: Using cached data for _extended_timing_data
req            INFO 	Using cached data for timing_app_data
2026-08-12 22:00:22,358 [INFO] fastf1.fastf1.req: Using cached data for timing_app_data
core           INFO 	Processing timing data...
2026-08-12 22:00:22,358 [INFO] fastf1.fastf1.core: Processing timing data...
core           INFO 	Finished loading data for 20 drivers: ['1', '11', '14', '63', '55', '44', '16', '10', '31', '20', '22', '18', '77', '23', '27', '24', '4', '21', '81', '2']
2026-08-12 22:00:22,988 [INFO] fastf1.fastf1.core: Finished loading data for 20 drivers: ['1', '11', '14', '63', '55', '44', '16', '10', '31', '20', '22', '18', '77', '23', '27', '24', '4', '21', '81', '2']
core           INFO 	Loading data for Monaco Grand Prix - Race [v3.8.3]
2026-08-12 22:00:24,513 [INFO] fastf1.fastf1.core: Loading data for Monaco Grand Prix - Race [v3.8.3]
req            INFO 	Using cached data for session_info
2026-08-12 22:00:24,515 [INFO] fastf1.fastf1.req: Using cached data for session_info
req            INFO 	Using cached data for driver_info
2026-08-12 22:00:24,515 [INFO] fastf1.fastf1.req: Using cached data for driver_info
req            INFO 	Using cached data for session_status_data
2026-08-12 22:00:24,535 [INFO] fastf1.fastf1.req: Using cached data for session_status_data
req            INFO 	Using cached data for lap_count
2026-08-12 22:00:24,536 [INFO] fastf1.fastf1.req: Using cached data for lap_count
req            INFO 	Using cached data for track_status_data
2026-08-12 22:00:24,536 [INFO] fastf1.fastf1.req: Using cached data for track_status_data
req            INFO 	Using cached data for _extended_timing_data
2026-08-12 22:00:24,541 [INFO] fastf1.fastf1.req: Using cached data for _extended_timing_data
req            INFO 	Using cached data for timing_app_data
2026-08-12 22:00:24,542 [INFO] fastf1.fastf1.req: Using cached data for timing_app_data
core           INFO 	Processing timing data...
2026-08-12 22:00:24,542 [INFO] fastf1.fastf1.core: Processing timing data...
core           INFO 	Finished loading data for 20 drivers: ['1', '14', '31', '44', '63', '16', '10', '55', '4', '81', '77', '21', '24', '23', '22', '11', '27', '2', '20', '18']
2026-08-12 22:00:25,417 [INFO] fastf1.fastf1.core: Finished loading data for 20 drivers: ['1', '14', '31', '44', '63', '16', '10', '55', '4', '81', '77', '21', '24', '23', '22', '11', '27', '2', '20', '18']
core           INFO 	Loading data for Spanish Grand Prix - Race [v3.8.3]
2026-08-12 22:00:26,949 [INFO] fastf1.fastf1.core: Loading data for Spanish Grand Prix - Race [v3.8.3]
req            INFO 	Using cached data for session_info
2026-08-12 22:00:26,950 [INFO] fastf1.fastf1.req: Using cached data for session_info
req            INFO 	Using cached data for driver_info
2026-08-12 22:00:26,950 [INFO] fastf1.fastf1.req: Using cached data for driver_info
req            INFO 	Using cached data for session_status_data
2026-08-12 22:00:26,967 [INFO] fastf1.fastf1.req: Using cached data for session_status_data
req            INFO 	Using cached data for lap_count
2026-08-12 22:00:26,967 [INFO] fastf1.fastf1.req: Using cached data for lap_count
req            INFO 	Using cached data for track_status_data
2026-08-12 22:00:26,968 [INFO] fastf1.fastf1.req: Using cached data for track_status_data
req            INFO 	Using cached data for _extended_timing_data
2026-08-12 22:00:26,972 [INFO] fastf1.fastf1.req: Using cached data for _extended_timing_data
req            INFO 	Using cached data for timing_app_data
2026-08-12 22:00:26,973 [INFO] fastf1.fastf1.req: Using cached data for timing_app_data
core           INFO 	Processing timing data...
2026-08-12 22:00:26,973 [INFO] fastf1.fastf1.core: Processing timing data...
core        WARNING 	Driver 1 completed the race distance 00:00.037000 before the recorded end of the session.
2026-08-12 22:00:27,601 [WARNING] fastf1.fastf1.core: Driver 1 completed the race distance 00:00.037000 before the recorded end of the session.
core           INFO 	Finished loading data for 20 drivers: ['1', '44', '63', '11', '55', '18', '14', '31', '24', '10', '16', '22', '81', '21', '27', '23', '4', '20', '77', '2']
2026-08-12 22:00:27,619 [INFO] fastf1.fastf1.core: Finished loading data for 20 drivers: ['1', '44', '63', '11', '55', '18', '14', '31', '24', '10', '16', '22', '81', '21', '27', '23', '4', '20', '77', '2']
core           INFO 	Loading data for Canadian Grand Prix - Race [v3.8.3]
2026-08-12 22:00:29,150 [INFO] fastf1.fastf1.core: Loading data for Canadian Grand Prix - Race [v3.8.3]
req            INFO 	Using cached data for session_info
2026-08-12 22:00:29,152 [INFO] fastf1.fastf1.req: Using cached data for session_info
req            INFO 	Using cached data for driver_info
2026-08-12 22:00:29,152 [INFO] fastf1.fastf1.req: Using cached data for driver_info
req            INFO 	Using cached data for session_status_data
2026-08-12 22:00:29,169 [INFO] fastf1.fastf1.req: Using cached data for session_status_data
req            INFO 	Using cached data for lap_count
2026-08-12 22:00:29,169 [INFO] fastf1.fastf1.req: Using cached data for lap_count
req            INFO 	Using cached data for track_status_data
2026-08-12 22:00:29,170 [INFO] fastf1.fastf1.req: Using cached data for track_status_data
req            INFO 	Using cached data for _extended_timing_data
2026-08-12 22:00:29,177 [INFO] fastf1.fastf1.req: Using cached data for _extended_timing_data
req            INFO 	Using cached data for timing_app_data
2026-08-12 22:00:29,178 [INFO] fastf1.fastf1.req: Using cached data for timing_app_data
core           INFO 	Processing timing data...
2026-08-12 22:00:29,178 [INFO] fastf1.fastf1.core: Processing timing data...
core        WARNING 	Fixed incorrect tyre stint information for driver '22'
2026-08-12 22:00:29,415 [WARNING] fastf1.fastf1.core: Fixed incorrect tyre stint information for driver '22'
core           INFO 	Finished loading data for 20 drivers: ['1', '14', '44', '16', '55', '11', '23', '31', '18', '77', '81', '10', '4', '22', '27', '24', '20', '21', '63', '2']
2026-08-12 22:00:29,866 [INFO] fastf1.fastf1.core: Finished loading data for 20 drivers: ['1', '14', '44', '16', '55', '11', '23', '31', '18', '77', '81', '10', '4', '22', '27', '24', '20', '21', '63', '2']
core           INFO 	Loading data for Austrian Grand Prix - Race [v3.8.3]
2026-08-12 22:00:31,396 [INFO] fastf1.fastf1.core: Loading data for Austrian Grand Prix - Race [v3.8.3]
req            INFO 	Using cached data for session_info
2026-08-12 22:00:31,398 [INFO] fastf1.fastf1.req: Using cached data for session_info
req            INFO 	Using cached data for driver_info
2026-08-12 22:00:31,398 [INFO] fastf1.fastf1.req: Using cached data for driver_info
req            INFO 	Using cached data for session_status_data
2026-08-12 22:00:31,416 [INFO] fastf1.fastf1.req: Using cached data for session_status_data
req            INFO 	Using cached data for lap_count
2026-08-12 22:00:31,416 [INFO] fastf1.fastf1.req: Using cached data for lap_count
req            INFO 	Using cached data for track_status_data
2026-08-12 22:00:31,416 [INFO] fastf1.fastf1.req: Using cached data for track_status_data
req            INFO 	Using cached data for _extended_timing_data
2026-08-12 22:00:31,421 [INFO] fastf1.fastf1.req: Using cached data for _extended_timing_data
req            INFO 	Using cached data for timing_app_data
2026-08-12 22:00:31,421 [INFO] fastf1.fastf1.req: Using cached data for timing_app_data
core           INFO 	Processing timing data...
2026-08-12 22:00:31,421 [INFO] fastf1.fastf1.core: Processing timing data...
core           INFO 	Finished loading data for 20 drivers: ['1', '16', '11', '4', '14', '55', '63', '44', '18', '10', '23', '24', '2', '31', '77', '81', '21', '20', '22', '27']
2026-08-12 22:00:32,157 [INFO] fastf1.fastf1.core: Finished loading data for 20 drivers: ['1', '16', '11', '4', '14', '55', '63', '44', '18', '10', '23', '24', '2', '31', '77', '81', '21', '20', '22', '27']
core           INFO 	Loading data for British Grand Prix - Race [v3.8.3]
2026-08-12 22:00:33,687 [INFO] fastf1.fastf1.core: Loading data for British Grand Prix - Race [v3.8.3]
req            INFO 	Using cached data for session_info
2026-08-12 22:00:33,688 [INFO] fastf1.fastf1.req: Using cached data for session_info
req            INFO 	Using cached data for driver_info
2026-08-12 22:00:33,688 [INFO] fastf1.fastf1.req: Using cached data for driver_info
req            INFO 	Using cached data for session_status_data
2026-08-12 22:00:33,706 [INFO] fastf1.fastf1.req: Using cached data for session_status_data
req            INFO 	Using cached data for lap_count
2026-08-12 22:00:33,706 [INFO] fastf1.fastf1.req: Using cached data for lap_count
req            INFO 	Using cached data for track_status_data
2026-08-12 22:00:33,707 [INFO] fastf1.fastf1.req: Using cached data for track_status_data
req            INFO 	Using cached data for _extended_timing_data
2026-08-12 22:00:33,712 [INFO] fastf1.fastf1.req: Using cached data for _extended_timing_data
req            INFO 	Using cached data for timing_app_data
2026-08-12 22:00:33,713 [INFO] fastf1.fastf1.req: Using cached data for timing_app_data
core           INFO 	Processing timing data...
2026-08-12 22:00:33,714 [INFO] fastf1.fastf1.core: Processing timing data...
core           INFO 	Finished loading data for 20 drivers: ['1', '4', '44', '81', '63', '11', '14', '23', '16', '55', '2', '77', '27', '18', '24', '22', '21', '10', '20', '31']
2026-08-12 22:00:34,284 [INFO] fastf1.fastf1.core: Finished loading data for 20 drivers: ['1', '4', '44', '81', '63', '11', '14', '23', '16', '55', '2', '77', '27', '18', '24', '22', '21', '10', '20', '31']
core           INFO 	Loading data for Hungarian Grand Prix - Race [v3.8.3]
2026-08-12 22:00:35,810 [INFO] fastf1.fastf1.core: Loading data for Hungarian Grand Prix - Race [v3.8.3]
req            INFO 	Using cached data for session_info
2026-08-12 22:00:35,812 [INFO] fastf1.fastf1.req: Using cached data for session_info
req            INFO 	Using cached data for driver_info
2026-08-12 22:00:35,813 [INFO] fastf1.fastf1.req: Using cached data for driver_info
req            INFO 	Using cached data for session_status_data
2026-08-12 22:00:35,829 [INFO] fastf1.fastf1.req: Using cached data for session_status_data
req            INFO 	Using cached data for lap_count
2026-08-12 22:00:35,830 [INFO] fastf1.fastf1.req: Using cached data for lap_count
req            INFO 	Using cached data for track_status_data
2026-08-12 22:00:35,831 [INFO] fastf1.fastf1.req: Using cached data for track_status_data
req            INFO 	Using cached data for _extended_timing_data
2026-08-12 22:00:35,834 [INFO] fastf1.fastf1.req: Using cached data for _extended_timing_data
req            INFO 	Using cached data for timing_app_data
2026-08-12 22:00:35,835 [INFO] fastf1.fastf1.req: Using cached data for timing_app_data
core           INFO 	Processing timing data...
2026-08-12 22:00:35,835 [INFO] fastf1.fastf1.core: Processing timing data...
core           INFO 	Finished loading data for 20 drivers: ['1', '4', '11', '44', '81', '63', '16', '55', '14', '18', '23', '77', '3', '27', '22', '24', '20', '2', '31', '10']
2026-08-12 22:00:36,487 [INFO] fastf1.fastf1.core: Finished loading data for 20 drivers: ['1', '4', '11', '44', '81', '63', '16', '55', '14', '18', '23', '77', '3', '27', '22', '24', '20', '2', '31', '10']
core           INFO 	Loading data for Belgian Grand Prix - Race [v3.8.3]
2026-08-12 22:00:38,014 [INFO] fastf1.fastf1.core: Loading data for Belgian Grand Prix - Race [v3.8.3]
req            INFO 	Using cached data for session_info
2026-08-12 22:00:38,015 [INFO] fastf1.fastf1.req: Using cached data for session_info
req            INFO 	Using cached data for driver_info
2026-08-12 22:00:38,015 [INFO] fastf1.fastf1.req: Using cached data for driver_info
req            INFO 	Using cached data for session_status_data
2026-08-12 22:00:38,033 [INFO] fastf1.fastf1.req: Using cached data for session_status_data
req            INFO 	Using cached data for lap_count
2026-08-12 22:00:38,034 [INFO] fastf1.fastf1.req: Using cached data for lap_count
req            INFO 	Using cached data for track_status_data
2026-08-12 22:00:38,035 [INFO] fastf1.fastf1.req: Using cached data for track_status_data
req            INFO 	Using cached data for _extended_timing_data
2026-08-12 22:00:38,038 [INFO] fastf1.fastf1.req: Using cached data for _extended_timing_data
req            INFO 	Using cached data for timing_app_data
2026-08-12 22:00:38,039 [INFO] fastf1.fastf1.req: Using cached data for timing_app_data
core           INFO 	Processing timing data...
2026-08-12 22:00:38,039 [INFO] fastf1.fastf1.core: Processing timing data...
core           INFO 	Finished loading data for 20 drivers: ['1', '11', '16', '44', '14', '63', '4', '31', '18', '22', '10', '77', '24', '23', '20', '3', '2', '27', '55', '81']
2026-08-12 22:00:38,842 [INFO] fastf1.fastf1.core: Finished loading data for 20 drivers: ['1', '11', '16', '44', '14', '63', '4', '31', '18', '22', '10', '77', '24', '23', '20', '3', '2', '27', '55', '81']
core           INFO 	Loading data for Dutch Grand Prix - Race [v3.8.3]
2026-08-12 22:00:40,369 [INFO] fastf1.fastf1.core: Loading data for Dutch Grand Prix - Race [v3.8.3]
req            INFO 	Using cached data for session_info
2026-08-12 22:00:40,370 [INFO] fastf1.fastf1.req: Using cached data for session_info
req            INFO 	Using cached data for driver_info
2026-08-12 22:00:40,371 [INFO] fastf1.fastf1.req: Using cached data for driver_info
req            INFO 	Using cached data for session_status_data
2026-08-12 22:00:40,388 [INFO] fastf1.fastf1.req: Using cached data for session_status_data
req            INFO 	Using cached data for lap_count
2026-08-12 22:00:40,389 [INFO] fastf1.fastf1.req: Using cached data for lap_count
req            INFO 	Using cached data for track_status_data
2026-08-12 22:00:40,389 [INFO] fastf1.fastf1.req: Using cached data for track_status_data
req            INFO 	Using cached data for _extended_timing_data
2026-08-12 22:00:40,394 [INFO] fastf1.fastf1.req: Using cached data for _extended_timing_data
req            INFO 	Using cached data for timing_app_data
2026-08-12 22:00:40,395 [INFO] fastf1.fastf1.req: Using cached data for timing_app_data
core           INFO 	Processing timing data...
2026-08-12 22:00:40,395 [INFO] fastf1.fastf1.core: Processing timing data...
core        WARNING 	Driver 1 completed the race distance 00:02.059000 before the recorded end of the session.
2026-08-12 22:00:41,203 [WARNING] fastf1.fastf1.core: Driver 1 completed the race distance 00:02.059000 before the recorded end of the session.
core           INFO 	Finished loading data for 20 drivers: ['1', '14', '10', '11', '55', '44', '4', '23', '81', '31', '18', '27', '40', '77', '22', '20', '63', '24', '16', '2']
2026-08-12 22:00:41,261 [INFO] fastf1.fastf1.core: Finished loading data for 20 drivers: ['1', '14', '10', '11', '55', '44', '4', '23', '81', '31', '18', '27', '40', '77', '22', '20', '63', '24', '16', '2']
core           INFO 	Loading data for Italian Grand Prix - Race [v3.8.3]
2026-08-12 22:00:42,806 [INFO] fastf1.fastf1.core: Loading data for Italian Grand Prix - Race [v3.8.3]
req            INFO 	Using cached data for session_info
2026-08-12 22:00:42,807 [INFO] fastf1.fastf1.req: Using cached data for session_info
req            INFO 	Using cached data for driver_info
2026-08-12 22:00:42,807 [INFO] fastf1.fastf1.req: Using cached data for driver_info
req            INFO 	Using cached data for session_status_data
2026-08-12 22:00:42,823 [INFO] fastf1.fastf1.req: Using cached data for session_status_data
req            INFO 	Using cached data for lap_count
2026-08-12 22:00:42,824 [INFO] fastf1.fastf1.req: Using cached data for lap_count
req            INFO 	Using cached data for track_status_data
2026-08-12 22:00:42,824 [INFO] fastf1.fastf1.req: Using cached data for track_status_data
req            INFO 	Using cached data for _extended_timing_data
2026-08-12 22:00:42,828 [INFO] fastf1.fastf1.req: Using cached data for _extended_timing_data
req            INFO 	Using cached data for timing_app_data
2026-08-12 22:00:42,829 [INFO] fastf1.fastf1.req: Using cached data for timing_app_data
core           INFO 	Processing timing data...
2026-08-12 22:00:42,829 [INFO] fastf1.fastf1.core: Processing timing data...
core        WARNING 	Failed to perform lap accuracy check - all laps marked as inaccurate (driver 22)
2026-08-12 22:00:43,352 [WARNING] fastf1.fastf1.core: Failed to perform lap accuracy check - all laps marked as inaccurate (driver 22)
core        WARNING 	Driver 1 completed the race distance 06:25.888000 before the recorded end of the session.
2026-08-12 22:00:43,366 [WARNING] fastf1.fastf1.core: Driver 1 completed the race distance 06:25.888000 before the recorded end of the session.
core        WARNING 	Driver 11 completed the race distance 06:19.824000 before the recorded end of the session.
2026-08-12 22:00:43,367 [WARNING] fastf1.fastf1.core: Driver 11 completed the race distance 06:19.824000 before the recorded end of the session.
core        WARNING 	Driver 55 completed the race distance 06:14.695000 before the recorded end of the session.
2026-08-12 22:00:43,368 [WARNING] fastf1.fastf1.core: Driver 55 completed the race distance 06:14.695000 before the recorded end of the session.
core        WARNING 	Driver 16 completed the race distance 06:14.511000 before the recorded end of the session.
2026-08-12 22:00:43,369 [WARNING] fastf1.fastf1.core: Driver 16 completed the race distance 06:14.511000 before the recorded end of the session.
core        WARNING 	Driver 63 completed the race distance 06:07.860000 before the recorded end of the session.
2026-08-12 22:00:43,371 [WARNING] fastf1.fastf1.core: Driver 63 completed the race distance 06:07.860000 before the recorded end of the session.
core        WARNING 	Driver 44 completed the race distance 05:48.209000 before the recorded end of the session.
2026-08-12 22:00:43,372 [WARNING] fastf1.fastf1.core: Driver 44 completed the race distance 05:48.209000 before the recorded end of the session.
core        WARNING 	Driver 23 completed the race distance 05:40.782000 before the recorded end of the session.
2026-08-12 22:00:43,373 [WARNING] fastf1.fastf1.core: Driver 23 completed the race distance 05:40.782000 before the recorded end of the session.
core        WARNING 	Driver 4 completed the race distance 05:40.439000 before the recorded end of the session.
2026-08-12 22:00:43,375 [WARNING] fastf1.fastf1.core: Driver 4 completed the race distance 05:40.439000 before the recorded end of the session.
core        WARNING 	Driver 14 completed the race distance 05:39.594000 before the recorded end of the session.
2026-08-12 22:00:43,376 [WARNING] fastf1.fastf1.core: Driver 14 completed the race distance 05:39.594000 before the recorded end of the session.
core           INFO 	Finished loading data for 20 drivers: ['1', '11', '55', '16', '63', '44', '23', '4', '14', '77', '40', '81', '2', '24', '10', '18', '27', '20', '31', '22']
2026-08-12 22:00:43,427 [INFO] fastf1.fastf1.core: Finished loading data for 20 drivers: ['1', '11', '55', '16', '63', '44', '23', '4', '14', '77', '40', '81', '2', '24', '10', '18', '27', '20', '31', '22']
core           INFO 	Loading data for Singapore Grand Prix - Race [v3.8.3]
2026-08-12 22:00:44,953 [INFO] fastf1.fastf1.core: Loading data for Singapore Grand Prix - Race [v3.8.3]
req            INFO 	Using cached data for session_info
2026-08-12 22:00:44,954 [INFO] fastf1.fastf1.req: Using cached data for session_info
req            INFO 	Using cached data for driver_info
2026-08-12 22:00:44,954 [INFO] fastf1.fastf1.req: Using cached data for driver_info
req            INFO 	Using cached data for session_status_data
2026-08-12 22:00:44,972 [INFO] fastf1.fastf1.req: Using cached data for session_status_data
req            INFO 	Using cached data for lap_count
2026-08-12 22:00:44,973 [INFO] fastf1.fastf1.req: Using cached data for lap_count
req            INFO 	Using cached data for track_status_data
2026-08-12 22:00:44,974 [INFO] fastf1.fastf1.req: Using cached data for track_status_data
req            INFO 	Using cached data for _extended_timing_data
2026-08-12 22:00:44,981 [INFO] fastf1.fastf1.req: Using cached data for _extended_timing_data
req            INFO 	Using cached data for timing_app_data
2026-08-12 22:00:44,982 [INFO] fastf1.fastf1.req: Using cached data for timing_app_data
core           INFO 	Processing timing data...
2026-08-12 22:00:44,983 [INFO] fastf1.fastf1.core: Processing timing data...
core        WARNING 	Failed to perform lap accuracy check - all laps marked as inaccurate (driver 18)
2026-08-12 22:00:45,847 [WARNING] fastf1.fastf1.core: Failed to perform lap accuracy check - all laps marked as inaccurate (driver 18)
core           INFO 	Finished loading data for 20 drivers: ['55', '4', '44', '16', '1', '10', '81', '11', '40', '20', '23', '24', '27', '2', '14', '63', '77', '31', '22', '18']
2026-08-12 22:00:45,926 [INFO] fastf1.fastf1.core: Finished loading data for 20 drivers: ['55', '4', '44', '16', '1', '10', '81', '11', '40', '20', '23', '24', '27', '2', '14', '63', '77', '31', '22', '18']
core           INFO 	Loading data for Japanese Grand Prix - Race [v3.8.3]
2026-08-12 22:00:47,448 [INFO] fastf1.fastf1.core: Loading data for Japanese Grand Prix - Race [v3.8.3]
req            INFO 	Using cached data for session_info
2026-08-12 22:00:47,449 [INFO] fastf1.fastf1.req: Using cached data for session_info
req            INFO 	Using cached data for driver_info
2026-08-12 22:00:47,449 [INFO] fastf1.fastf1.req: Using cached data for driver_info
req            INFO 	Using cached data for session_status_data
2026-08-12 22:00:47,468 [INFO] fastf1.fastf1.req: Using cached data for session_status_data
req            INFO 	Using cached data for lap_count
2026-08-12 22:00:47,468 [INFO] fastf1.fastf1.req: Using cached data for lap_count
req            INFO 	Using cached data for track_status_data
2026-08-12 22:00:47,469 [INFO] fastf1.fastf1.req: Using cached data for track_status_data
req            INFO 	Using cached data for _extended_timing_data
2026-08-12 22:00:47,473 [INFO] fastf1.fastf1.req: Using cached data for _extended_timing_data
req            INFO 	Using cached data for timing_app_data
2026-08-12 22:00:47,473 [INFO] fastf1.fastf1.req: Using cached data for timing_app_data
core           INFO 	Processing timing data...
2026-08-12 22:00:47,473 [INFO] fastf1.fastf1.core: Processing timing data...
core        WARNING 	Driver 1 completed the race distance 00:00.076000 before the recorded end of the session.
2026-08-12 22:00:47,996 [WARNING] fastf1.fastf1.core: Driver 1 completed the race distance 00:00.076000 before the recorded end of the session.
core           INFO 	Finished loading data for 20 drivers: ['1', '4', '81', '16', '44', '55', '63', '14', '31', '10', '40', '22', '24', '27', '20', '23', '2', '18', '11', '77']
2026-08-12 22:00:48,015 [INFO] fastf1.fastf1.core: Finished loading data for 20 drivers: ['1', '4', '81', '16', '44', '55', '63', '14', '31', '10', '40', '22', '24', '27', '20', '23', '2', '18', '11', '77']
core           INFO 	Loading data for Qatar Grand Prix - Race [v3.8.3]
2026-08-12 22:00:49,543 [INFO] fastf1.fastf1.core: Loading data for Qatar Grand Prix - Race [v3.8.3]
req            INFO 	Using cached data for session_info
2026-08-12 22:00:49,544 [INFO] fastf1.fastf1.req: Using cached data for session_info
req            INFO 	Using cached data for driver_info
2026-08-12 22:00:49,545 [INFO] fastf1.fastf1.req: Using cached data for driver_info
req            INFO 	Using cached data for session_status_data
2026-08-12 22:00:49,562 [INFO] fastf1.fastf1.req: Using cached data for session_status_data
req            INFO 	Using cached data for lap_count
2026-08-12 22:00:49,562 [INFO] fastf1.fastf1.req: Using cached data for lap_count
req            INFO 	Using cached data for track_status_data
2026-08-12 22:00:49,563 [INFO] fastf1.fastf1.req: Using cached data for track_status_data
req            INFO 	Using cached data for _extended_timing_data
2026-08-12 22:00:49,566 [INFO] fastf1.fastf1.req: Using cached data for _extended_timing_data
req            INFO 	Using cached data for timing_app_data
2026-08-12 22:00:49,567 [INFO] fastf1.fastf1.req: Using cached data for timing_app_data
core           INFO 	Processing timing data...
2026-08-12 22:00:49,567 [INFO] fastf1.fastf1.core: Processing timing data...
core        WARNING 	Failed to perform lap accuracy check - all laps marked as inaccurate (driver 55)
2026-08-12 22:00:50,130 [WARNING] fastf1.fastf1.core: Failed to perform lap accuracy check - all laps marked as inaccurate (driver 55)
core           INFO 	Finished loading data for 20 drivers: ['1', '81', '4', '63', '16', '14', '31', '77', '24', '11', '18', '10', '23', '20', '22', '27', '40', '2', '44', '55']
2026-08-12 22:00:50,162 [INFO] fastf1.fastf1.core: Finished loading data for 20 drivers: ['1', '81', '4', '63', '16', '14', '31', '77', '24', '11', '18', '10', '23', '20', '22', '27', '40', '2', '44', '55']
core           INFO 	Loading data for United States Grand Prix - Race [v3.8.3]
2026-08-12 22:00:51,689 [INFO] fastf1.fastf1.core: Loading data for United States Grand Prix - Race [v3.8.3]
req            INFO 	Using cached data for session_info
2026-08-12 22:00:51,691 [INFO] fastf1.fastf1.req: Using cached data for session_info
req            INFO 	Using cached data for driver_info
2026-08-12 22:00:51,691 [INFO] fastf1.fastf1.req: Using cached data for driver_info
req            INFO 	Using cached data for session_status_data
2026-08-12 22:00:51,708 [INFO] fastf1.fastf1.req: Using cached data for session_status_data
req            INFO 	Using cached data for lap_count
2026-08-12 22:00:51,709 [INFO] fastf1.fastf1.req: Using cached data for lap_count
req            INFO 	Using cached data for track_status_data
2026-08-12 22:00:51,709 [INFO] fastf1.fastf1.req: Using cached data for track_status_data
req            INFO 	Using cached data for _extended_timing_data
2026-08-12 22:00:51,713 [INFO] fastf1.fastf1.req: Using cached data for _extended_timing_data
req            INFO 	Using cached data for timing_app_data
2026-08-12 22:00:51,713 [INFO] fastf1.fastf1.req: Using cached data for timing_app_data
core           INFO 	Processing timing data...
2026-08-12 22:00:51,714 [INFO] fastf1.fastf1.core: Processing timing data...
core           INFO 	Finished loading data for 20 drivers: ['1', '4', '55', '11', '63', '10', '18', '22', '23', '2', '27', '77', '24', '20', '3', '14', '81', '31', '44', '16']
2026-08-12 22:00:52,282 [INFO] fastf1.fastf1.core: Finished loading data for 20 drivers: ['1', '4', '55', '11', '63', '10', '18', '22', '23', '2', '27', '77', '24', '20', '3', '14', '81', '31', '44', '16']
core           INFO 	Loading data for Mexico City Grand Prix - Race [v3.8.3]
2026-08-12 22:00:53,810 [INFO] fastf1.fastf1.core: Loading data for Mexico City Grand Prix - Race [v3.8.3]
req            INFO 	Using cached data for session_info
2026-08-12 22:00:53,811 [INFO] fastf1.fastf1.req: Using cached data for session_info
req            INFO 	Using cached data for driver_info
2026-08-12 22:00:53,811 [INFO] fastf1.fastf1.req: Using cached data for driver_info
req            INFO 	Using cached data for session_status_data
2026-08-12 22:00:53,828 [INFO] fastf1.fastf1.req: Using cached data for session_status_data
req            INFO 	Using cached data for lap_count
2026-08-12 22:00:53,829 [INFO] fastf1.fastf1.req: Using cached data for lap_count
req            INFO 	Using cached data for track_status_data
2026-08-12 22:00:53,829 [INFO] fastf1.fastf1.req: Using cached data for track_status_data
req            INFO 	Using cached data for _extended_timing_data
2026-08-12 22:00:53,833 [INFO] fastf1.fastf1.req: Using cached data for _extended_timing_data
req            INFO 	Using cached data for timing_app_data
2026-08-12 22:00:53,834 [INFO] fastf1.fastf1.req: Using cached data for timing_app_data
core           INFO 	Processing timing data...
2026-08-12 22:00:53,834 [INFO] fastf1.fastf1.core: Processing timing data...
core           INFO 	Finished loading data for 20 drivers: ['1', '44', '16', '55', '4', '63', '3', '81', '23', '31', '10', '22', '27', '24', '77', '2', '18', '14', '20', '11']
2026-08-12 22:00:54,509 [INFO] fastf1.fastf1.core: Finished loading data for 20 drivers: ['1', '44', '16', '55', '4', '63', '3', '81', '23', '31', '10', '22', '27', '24', '77', '2', '18', '14', '20', '11']
core           INFO 	Loading data for São Paulo Grand Prix - Race [v3.8.3]
2026-08-12 22:00:56,035 [INFO] fastf1.fastf1.core: Loading data for São Paulo Grand Prix - Race [v3.8.3]
req            INFO 	Using cached data for session_info
2026-08-12 22:00:56,036 [INFO] fastf1.fastf1.req: Using cached data for session_info
req            INFO 	Using cached data for driver_info
2026-08-12 22:00:56,037 [INFO] fastf1.fastf1.req: Using cached data for driver_info
req            INFO 	Using cached data for session_status_data
2026-08-12 22:00:56,055 [INFO] fastf1.fastf1.req: Using cached data for session_status_data
req            INFO 	Using cached data for lap_count
2026-08-12 22:00:56,056 [INFO] fastf1.fastf1.req: Using cached data for lap_count
req            INFO 	Using cached data for track_status_data
2026-08-12 22:00:56,057 [INFO] fastf1.fastf1.req: Using cached data for track_status_data
req            INFO 	Using cached data for _extended_timing_data
2026-08-12 22:00:56,060 [INFO] fastf1.fastf1.req: Using cached data for _extended_timing_data
req            INFO 	Using cached data for timing_app_data
2026-08-12 22:00:56,060 [INFO] fastf1.fastf1.req: Using cached data for timing_app_data
core           INFO 	Processing timing data...
2026-08-12 22:00:56,061 [INFO] fastf1.fastf1.core: Processing timing data...
core        WARNING 	Failed to perform lap accuracy check - all laps marked as inaccurate (driver 16)
2026-08-12 22:00:56,771 [WARNING] fastf1.fastf1.core: Failed to perform lap accuracy check - all laps marked as inaccurate (driver 16)
core           INFO 	Finished loading data for 20 drivers: ['1', '4', '14', '11', '18', '55', '10', '44', '22', '31', '2', '27', '3', '81', '63', '77', '24', '20', '23', '16']
2026-08-12 22:00:56,803 [INFO] fastf1.fastf1.core: Finished loading data for 20 drivers: ['1', '4', '14', '11', '18', '55', '10', '44', '22', '31', '2', '27', '3', '81', '63', '77', '24', '20', '23', '16']
core           INFO 	Loading data for Las Vegas Grand Prix - Race [v3.8.3]
2026-08-12 22:00:58,323 [INFO] fastf1.fastf1.core: Loading data for Las Vegas Grand Prix - Race [v3.8.3]
req            INFO 	Using cached data for session_info
2026-08-12 22:00:58,325 [INFO] fastf1.fastf1.req: Using cached data for session_info
req            INFO 	Using cached data for driver_info
2026-08-12 22:00:58,325 [INFO] fastf1.fastf1.req: Using cached data for driver_info
req            INFO 	Using cached data for session_status_data
2026-08-12 22:00:58,341 [INFO] fastf1.fastf1.req: Using cached data for session_status_data
req            INFO 	Using cached data for lap_count
2026-08-12 22:00:58,341 [INFO] fastf1.fastf1.req: Using cached data for lap_count
req            INFO 	Using cached data for track_status_data
2026-08-12 22:00:58,341 [INFO] fastf1.fastf1.req: Using cached data for track_status_data
req            INFO 	Using cached data for _extended_timing_data
2026-08-12 22:00:58,345 [INFO] fastf1.fastf1.req: Using cached data for _extended_timing_data
req            INFO 	Using cached data for timing_app_data
2026-08-12 22:00:58,346 [INFO] fastf1.fastf1.req: Using cached data for timing_app_data
core           INFO 	Processing timing data...
2026-08-12 22:00:58,346 [INFO] fastf1.fastf1.core: Processing timing data...
core        WARNING 	Driver 1 completed the race distance 00:00.001000 before the recorded end of the session.
2026-08-12 22:00:59,202 [WARNING] fastf1.fastf1.core: Driver 1 completed the race distance 00:00.001000 before the recorded end of the session.
core           INFO 	Finished loading data for 20 drivers: ['1', '16', '11', '31', '18', '55', '44', '63', '14', '81', '10', '23', '20', '3', '24', '2', '77', '22', '27', '4']
2026-08-12 22:00:59,275 [INFO] fastf1.fastf1.core: Finished loading data for 20 drivers: ['1', '16', '11', '31', '18', '55', '44', '63', '14', '81', '10', '23', '20', '3', '24', '2', '77', '22', '27', '4']
core           INFO 	Loading data for Abu Dhabi Grand Prix - Race [v3.8.3]
2026-08-12 22:01:00,803 [INFO] fastf1.fastf1.core: Loading data for Abu Dhabi Grand Prix - Race [v3.8.3]
req            INFO 	Using cached data for session_info
2026-08-12 22:01:00,804 [INFO] fastf1.fastf1.req: Using cached data for session_info
req            INFO 	Using cached data for driver_info
2026-08-12 22:01:00,805 [INFO] fastf1.fastf1.req: Using cached data for driver_info
req            INFO 	Using cached data for session_status_data
2026-08-12 22:01:00,821 [INFO] fastf1.fastf1.req: Using cached data for session_status_data
req            INFO 	Using cached data for lap_count
2026-08-12 22:01:00,821 [INFO] fastf1.fastf1.req: Using cached data for lap_count
req            INFO 	Using cached data for track_status_data
2026-08-12 22:01:00,822 [INFO] fastf1.fastf1.req: Using cached data for track_status_data
req            INFO 	Using cached data for _extended_timing_data
2026-08-12 22:01:00,826 [INFO] fastf1.fastf1.req: Using cached data for _extended_timing_data
req            INFO 	Using cached data for timing_app_data
2026-08-12 22:01:00,827 [INFO] fastf1.fastf1.req: Using cached data for timing_app_data
core           INFO 	Processing timing data...
2026-08-12 22:01:00,827 [INFO] fastf1.fastf1.core: Processing timing data...
core           INFO 	Finished loading data for 20 drivers: ['1', '16', '63', '11', '4', '81', '14', '22', '44', '18', '3', '31', '10', '23', '27', '2', '24', '55', '77', '20']
2026-08-12 22:01:01,423 [INFO] fastf1.fastf1.core: Finished loading data for 20 drivers: ['1', '16', '63', '11', '4', '81', '14', '22', '44', '18', '3', '31', '10', '23', '27', '2', '24', '55', '77', '20']
2026-08-12 22:01:01,510 [INFO] src.data_fetch: Saved 24420 lap rows to /Users/adhithiyaram/github-classroom/ACM40960/projects-adhithiyaram-tharun/data/raw/lap_data_2023.csv
core           INFO 	Loading data for Bahrain Grand Prix - Race [v3.8.3]
2026-08-12 22:01:01,686 [INFO] fastf1.fastf1.core: Loading data for Bahrain Grand Prix - Race [v3.8.3]
req            INFO 	Using cached data for session_info
2026-08-12 22:01:01,687 [INFO] fastf1.fastf1.req: Using cached data for session_info
req            INFO 	Using cached data for driver_info
2026-08-12 22:01:01,687 [INFO] fastf1.fastf1.req: Using cached data for driver_info
req            INFO 	Using cached data for session_status_data
2026-08-12 22:01:01,712 [INFO] fastf1.fastf1.req: Using cached data for session_status_data
req            INFO 	Using cached data for lap_count
2026-08-12 22:01:01,713 [INFO] fastf1.fastf1.req: Using cached data for lap_count
req            INFO 	Using cached data for track_status_data
2026-08-12 22:01:01,715 [INFO] fastf1.fastf1.req: Using cached data for track_status_data
req            INFO 	Using cached data for _extended_timing_data
2026-08-12 22:01:01,722 [INFO] fastf1.fastf1.req: Using cached data for _extended_timing_data
req            INFO 	Using cached data for timing_app_data
2026-08-12 22:01:01,724 [INFO] fastf1.fastf1.req: Using cached data for timing_app_data
core           INFO 	Processing timing data...
2026-08-12 22:01:01,724 [INFO] fastf1.fastf1.core: Processing timing data...
core           INFO 	Finished loading data for 20 drivers: ['1', '11', '55', '16', '63', '4', '44', '81', '14', '18', '24', '20', '3', '22', '23', '27', '31', '10', '77', '2']
2026-08-12 22:01:02,424 [INFO] fastf1.fastf1.core: Finished loading data for 20 drivers: ['1', '11', '55', '16', '63', '4', '44', '81', '14', '18', '24', '20', '3', '22', '23', '27', '31', '10', '77', '2']
core           INFO 	Loading data for Saudi Arabian Grand Prix - Race [v3.8.3]
2026-08-12 22:01:03,945 [INFO] fastf1.fastf1.core: Loading data for Saudi Arabian Grand Prix - Race [v3.8.3]
req            INFO 	Using cached data for session_info
2026-08-12 22:01:03,946 [INFO] fastf1.fastf1.req: Using cached data for session_info
req            INFO 	Using cached data for driver_info
2026-08-12 22:01:03,946 [INFO] fastf1.fastf1.req: Using cached data for driver_info
req            INFO 	Using cached data for session_status_data
2026-08-12 22:01:03,961 [INFO] fastf1.fastf1.req: Using cached data for session_status_data
req            INFO 	Using cached data for lap_count
2026-08-12 22:01:03,961 [INFO] fastf1.fastf1.req: Using cached data for lap_count
req            INFO 	Using cached data for track_status_data
2026-08-12 22:01:03,961 [INFO] fastf1.fastf1.req: Using cached data for track_status_data
req            INFO 	Using cached data for _extended_timing_data
2026-08-12 22:01:03,965 [INFO] fastf1.fastf1.req: Using cached data for _extended_timing_data
req            INFO 	Using cached data for timing_app_data
2026-08-12 22:01:03,966 [INFO] fastf1.fastf1.req: Using cached data for timing_app_data
core           INFO 	Processing timing data...
2026-08-12 22:01:03,966 [INFO] fastf1.fastf1.core: Processing timing data...
core           INFO 	Finished loading data for 20 drivers: ['1', '11', '16', '81', '14', '63', '38', '4', '44', '27', '23', '20', '31', '2', '22', '3', '77', '24', '18', '10']
2026-08-12 22:01:04,532 [INFO] fastf1.fastf1.core: Finished loading data for 20 drivers: ['1', '11', '16', '81', '14', '63', '38', '4', '44', '27', '23', '20', '31', '2', '22', '3', '77', '24', '18', '10']
core           INFO 	Loading data for Australian Grand Prix - Race [v3.8.3]
2026-08-12 22:01:06,058 [INFO] fastf1.fastf1.core: Loading data for Australian Grand Prix - Race [v3.8.3]
req            INFO 	Using cached data for session_info
2026-08-12 22:01:06,060 [INFO] fastf1.fastf1.req: Using cached data for session_info
req            INFO 	Using cached data for driver_info
2026-08-12 22:01:06,060 [INFO] fastf1.fastf1.req: Using cached data for driver_info
req            INFO 	Using cached data for session_status_data
2026-08-12 22:01:06,078 [INFO] fastf1.fastf1.req: Using cached data for session_status_data
req            INFO 	Using cached data for lap_count
2026-08-12 22:01:06,079 [INFO] fastf1.fastf1.req: Using cached data for lap_count
req            INFO 	Using cached data for track_status_data
2026-08-12 22:01:06,080 [INFO] fastf1.fastf1.req: Using cached data for track_status_data
req            INFO 	Using cached data for _extended_timing_data
2026-08-12 22:01:06,083 [INFO] fastf1.fastf1.req: Using cached data for _extended_timing_data
req            INFO 	Using cached data for timing_app_data
2026-08-12 22:01:06,084 [INFO] fastf1.fastf1.req: Using cached data for timing_app_data
core           INFO 	Processing timing data...
2026-08-12 22:01:06,084 [INFO] fastf1.fastf1.core: Processing timing data...
core           INFO 	Finished loading data for 19 drivers: ['55', '16', '4', '81', '11', '18', '22', '14', '27', '20', '23', '3', '10', '77', '24', '31', '63', '44', '1']
2026-08-12 22:01:06,668 [INFO] fastf1.fastf1.core: Finished loading data for 19 drivers: ['55', '16', '4', '81', '11', '18', '22', '14', '27', '20', '23', '3', '10', '77', '24', '31', '63', '44', '1']
core           INFO 	Loading data for Japanese Grand Prix - Race [v3.8.3]
2026-08-12 22:01:08,194 [INFO] fastf1.fastf1.core: Loading data for Japanese Grand Prix - Race [v3.8.3]
req            INFO 	Using cached data for session_info
2026-08-12 22:01:08,195 [INFO] fastf1.fastf1.req: Using cached data for session_info
req            INFO 	Using cached data for driver_info
2026-08-12 22:01:08,196 [INFO] fastf1.fastf1.req: Using cached data for driver_info
req            INFO 	Using cached data for session_status_data
2026-08-12 22:01:08,215 [INFO] fastf1.fastf1.req: Using cached data for session_status_data
req            INFO 	Using cached data for lap_count
2026-08-12 22:01:08,215 [INFO] fastf1.fastf1.req: Using cached data for lap_count
req            INFO 	Using cached data for track_status_data
2026-08-12 22:01:08,216 [INFO] fastf1.fastf1.req: Using cached data for track_status_data
req            INFO 	Using cached data for _extended_timing_data
2026-08-12 22:01:08,220 [INFO] fastf1.fastf1.req: Using cached data for _extended_timing_data
req            INFO 	Using cached data for timing_app_data
2026-08-12 22:01:08,221 [INFO] fastf1.fastf1.req: Using cached data for timing_app_data
core           INFO 	Processing timing data...
2026-08-12 22:01:08,221 [INFO] fastf1.fastf1.core: Processing timing data...
core           INFO 	Finished loading data for 20 drivers: ['1', '11', '55', '16', '4', '14', '63', '81', '44', '22', '27', '18', '20', '77', '31', '10', '2', '24', '3', '23']
2026-08-12 22:01:08,774 [INFO] fastf1.fastf1.core: Finished loading data for 20 drivers: ['1', '11', '55', '16', '4', '14', '63', '81', '44', '22', '27', '18', '20', '77', '31', '10', '2', '24', '3', '23']
core           INFO 	Loading data for Chinese Grand Prix - Race [v3.8.3]
2026-08-12 22:01:10,294 [INFO] fastf1.fastf1.core: Loading data for Chinese Grand Prix - Race [v3.8.3]
req            INFO 	Using cached data for session_info
2026-08-12 22:01:10,295 [INFO] fastf1.fastf1.req: Using cached data for session_info
req            INFO 	Using cached data for driver_info
2026-08-12 22:01:10,296 [INFO] fastf1.fastf1.req: Using cached data for driver_info
req            INFO 	Using cached data for session_status_data
2026-08-12 22:01:10,311 [INFO] fastf1.fastf1.req: Using cached data for session_status_data
req            INFO 	Using cached data for lap_count
2026-08-12 22:01:10,312 [INFO] fastf1.fastf1.req: Using cached data for lap_count
req            INFO 	Using cached data for track_status_data
2026-08-12 22:01:10,313 [INFO] fastf1.fastf1.req: Using cached data for track_status_data
req            INFO 	Using cached data for _extended_timing_data
2026-08-12 22:01:10,317 [INFO] fastf1.fastf1.req: Using cached data for _extended_timing_data
req            INFO 	Using cached data for timing_app_data
2026-08-12 22:01:10,318 [INFO] fastf1.fastf1.req: Using cached data for timing_app_data
core           INFO 	Processing timing data...
2026-08-12 22:01:10,318 [INFO] fastf1.fastf1.core: Processing timing data...
core        WARNING 	Driver 1 completed the race distance 00:08.313000 before the recorded end of the session.
2026-08-12 22:01:10,882 [WARNING] fastf1.fastf1.core: Driver 1 completed the race distance 00:08.313000 before the recorded end of the session.
core           INFO 	Finished loading data for 20 drivers: ['1', '4', '11', '16', '55', '63', '14', '81', '44', '27', '31', '23', '10', '24', '18', '20', '2', '3', '22', '77']
2026-08-12 22:01:10,923 [INFO] fastf1.fastf1.core: Finished loading data for 20 drivers: ['1', '4', '11', '16', '55', '63', '14', '81', '44', '27', '31', '23', '10', '24', '18', '20', '2', '3', '22', '77']
core           INFO 	Loading data for Miami Grand Prix - Race [v3.8.3]
2026-08-12 22:01:12,450 [INFO] fastf1.fastf1.core: Loading data for Miami Grand Prix - Race [v3.8.3]
req            INFO 	Using cached data for session_info
2026-08-12 22:01:12,451 [INFO] fastf1.fastf1.req: Using cached data for session_info
req            INFO 	Using cached data for driver_info
2026-08-12 22:01:12,451 [INFO] fastf1.fastf1.req: Using cached data for driver_info
req            INFO 	Using cached data for session_status_data
2026-08-12 22:01:12,469 [INFO] fastf1.fastf1.req: Using cached data for session_status_data
req            INFO 	Using cached data for lap_count
2026-08-12 22:01:12,470 [INFO] fastf1.fastf1.req: Using cached data for lap_count
req            INFO 	Using cached data for track_status_data
2026-08-12 22:01:12,471 [INFO] fastf1.fastf1.req: Using cached data for track_status_data
req            INFO 	Using cached data for _extended_timing_data
2026-08-12 22:01:12,475 [INFO] fastf1.fastf1.req: Using cached data for _extended_timing_data
req            INFO 	Using cached data for timing_app_data
2026-08-12 22:01:12,476 [INFO] fastf1.fastf1.req: Using cached data for timing_app_data
core           INFO 	Processing timing data...
2026-08-12 22:01:12,476 [INFO] fastf1.fastf1.core: Processing timing data...
core           INFO 	Finished loading data for 20 drivers: ['4', '1', '16', '11', '55', '44', '22', '63', '14', '31', '27', '10', '81', '24', '3', '77', '18', '23', '20', '2']
2026-08-12 22:01:13,085 [INFO] fastf1.fastf1.core: Finished loading data for 20 drivers: ['4', '1', '16', '11', '55', '44', '22', '63', '14', '31', '27', '10', '81', '24', '3', '77', '18', '23', '20', '2']
core           INFO 	Loading data for Emilia Romagna Grand Prix - Race [v3.8.3]
2026-08-12 22:01:14,612 [INFO] fastf1.fastf1.core: Loading data for Emilia Romagna Grand Prix - Race [v3.8.3]
req            INFO 	Using cached data for session_info
2026-08-12 22:01:14,613 [INFO] fastf1.fastf1.req: Using cached data for session_info
req            INFO 	Using cached data for driver_info
2026-08-12 22:01:14,614 [INFO] fastf1.fastf1.req: Using cached data for driver_info
req            INFO 	Using cached data for session_status_data
2026-08-12 22:01:14,631 [INFO] fastf1.fastf1.req: Using cached data for session_status_data
req            INFO 	Using cached data for lap_count
2026-08-12 22:01:14,631 [INFO] fastf1.fastf1.req: Using cached data for lap_count
req            INFO 	Using cached data for track_status_data
2026-08-12 22:01:14,631 [INFO] fastf1.fastf1.req: Using cached data for track_status_data
req            INFO 	Using cached data for _extended_timing_data
2026-08-12 22:01:14,636 [INFO] fastf1.fastf1.req: Using cached data for _extended_timing_data
req            INFO 	Using cached data for timing_app_data
2026-08-12 22:01:14,636 [INFO] fastf1.fastf1.req: Using cached data for timing_app_data
core           INFO 	Processing timing data...
2026-08-12 22:01:14,636 [INFO] fastf1.fastf1.core: Processing timing data...
core           INFO 	Finished loading data for 20 drivers: ['1', '4', '16', '81', '55', '44', '63', '11', '18', '22', '27', '20', '3', '31', '24', '10', '2', '77', '14', '23']
2026-08-12 22:01:15,250 [INFO] fastf1.fastf1.core: Finished loading data for 20 drivers: ['1', '4', '16', '81', '55', '44', '63', '11', '18', '22', '27', '20', '3', '31', '24', '10', '2', '77', '14', '23']
core           INFO 	Loading data for Monaco Grand Prix - Race [v3.8.3]
2026-08-12 22:01:16,778 [INFO] fastf1.fastf1.core: Loading data for Monaco Grand Prix - Race [v3.8.3]
req            INFO 	Using cached data for session_info
2026-08-12 22:01:16,779 [INFO] fastf1.fastf1.req: Using cached data for session_info
req            INFO 	Using cached data for driver_info
2026-08-12 22:01:16,779 [INFO] fastf1.fastf1.req: Using cached data for driver_info
req            INFO 	Using cached data for session_status_data
2026-08-12 22:01:16,798 [INFO] fastf1.fastf1.req: Using cached data for session_status_data
req            INFO 	Using cached data for lap_count
2026-08-12 22:01:16,798 [INFO] fastf1.fastf1.req: Using cached data for lap_count
req            INFO 	Using cached data for track_status_data
2026-08-12 22:01:16,798 [INFO] fastf1.fastf1.req: Using cached data for track_status_data
req            INFO 	Using cached data for _extended_timing_data
2026-08-12 22:01:16,802 [INFO] fastf1.fastf1.req: Using cached data for _extended_timing_data
req            INFO 	Using cached data for timing_app_data
2026-08-12 22:01:16,803 [INFO] fastf1.fastf1.req: Using cached data for timing_app_data
core           INFO 	Processing timing data...
2026-08-12 22:01:16,803 [INFO] fastf1.fastf1.core: Processing timing data...
core           INFO 	Finished loading data for 20 drivers: ['16', '81', '55', '4', '63', '1', '44', '22', '23', '10', '14', '3', '77', '18', '2', '24', '31', '11', '27', '20']
2026-08-12 22:01:17,464 [INFO] fastf1.fastf1.core: Finished loading data for 20 drivers: ['16', '81', '55', '4', '63', '1', '44', '22', '23', '10', '14', '3', '77', '18', '2', '24', '31', '11', '27', '20']
core           INFO 	Loading data for Canadian Grand Prix - Race [v3.8.3]
2026-08-12 22:01:18,986 [INFO] fastf1.fastf1.core: Loading data for Canadian Grand Prix - Race [v3.8.3]
req            INFO 	Using cached data for session_info
2026-08-12 22:01:18,988 [INFO] fastf1.fastf1.req: Using cached data for session_info
req            INFO 	Using cached data for driver_info
2026-08-12 22:01:18,988 [INFO] fastf1.fastf1.req: Using cached data for driver_info
req            INFO 	Using cached data for session_status_data
2026-08-12 22:01:19,004 [INFO] fastf1.fastf1.req: Using cached data for session_status_data
req            INFO 	Using cached data for lap_count
2026-08-12 22:01:19,005 [INFO] fastf1.fastf1.req: Using cached data for lap_count
req            INFO 	Using cached data for track_status_data
2026-08-12 22:01:19,005 [INFO] fastf1.fastf1.req: Using cached data for track_status_data
req            INFO 	Using cached data for _extended_timing_data
2026-08-12 22:01:19,009 [INFO] fastf1.fastf1.req: Using cached data for _extended_timing_data
req            INFO 	Using cached data for timing_app_data
2026-08-12 22:01:19,010 [INFO] fastf1.fastf1.req: Using cached data for timing_app_data
core           INFO 	Processing timing data...
2026-08-12 22:01:19,010 [INFO] fastf1.fastf1.core: Processing timing data...
core           INFO 	Finished loading data for 20 drivers: ['1', '4', '63', '44', '81', '14', '18', '3', '10', '31', '27', '20', '77', '22', '24', '55', '23', '11', '16', '2']
2026-08-12 22:01:19,793 [INFO] fastf1.fastf1.core: Finished loading data for 20 drivers: ['1', '4', '63', '44', '81', '14', '18', '3', '10', '31', '27', '20', '77', '22', '24', '55', '23', '11', '16', '2']
core           INFO 	Loading data for Spanish Grand Prix - Race [v3.8.3]
2026-08-12 22:01:21,314 [INFO] fastf1.fastf1.core: Loading data for Spanish Grand Prix - Race [v3.8.3]
req            INFO 	Using cached data for session_info
2026-08-12 22:01:21,315 [INFO] fastf1.fastf1.req: Using cached data for session_info
req            INFO 	Using cached data for driver_info
2026-08-12 22:01:21,315 [INFO] fastf1.fastf1.req: Using cached data for driver_info
req            INFO 	Using cached data for session_status_data
2026-08-12 22:01:21,330 [INFO] fastf1.fastf1.req: Using cached data for session_status_data
req            INFO 	Using cached data for lap_count
2026-08-12 22:01:21,331 [INFO] fastf1.fastf1.req: Using cached data for lap_count
req            INFO 	Using cached data for track_status_data
2026-08-12 22:01:21,331 [INFO] fastf1.fastf1.req: Using cached data for track_status_data
req            INFO 	Using cached data for _extended_timing_data
2026-08-12 22:01:21,336 [INFO] fastf1.fastf1.req: Using cached data for _extended_timing_data
req            INFO 	Using cached data for timing_app_data
2026-08-12 22:01:21,337 [INFO] fastf1.fastf1.req: Using cached data for timing_app_data
core           INFO 	Processing timing data...
2026-08-12 22:01:21,337 [INFO] fastf1.fastf1.core: Processing timing data...
core        WARNING 	Driver 1 completed the race distance 00:00.015000 before the recorded end of the session.
2026-08-12 22:01:21,986 [WARNING] fastf1.fastf1.core: Driver 1 completed the race distance 00:00.015000 before the recorded end of the session.
core           INFO 	Finished loading data for 20 drivers: ['1', '4', '44', '63', '16', '55', '81', '11', '10', '31', '27', '14', '24', '18', '3', '77', '20', '23', '22', '2']
2026-08-12 22:01:22,005 [INFO] fastf1.fastf1.core: Finished loading data for 20 drivers: ['1', '4', '44', '63', '16', '55', '81', '11', '10', '31', '27', '14', '24', '18', '3', '77', '20', '23', '22', '2']
core           INFO 	Loading data for Austrian Grand Prix - Race [v3.8.3]
2026-08-12 22:01:23,532 [INFO] fastf1.fastf1.core: Loading data for Austrian Grand Prix - Race [v3.8.3]
req            INFO 	Using cached data for session_info
2026-08-12 22:01:23,534 [INFO] fastf1.fastf1.req: Using cached data for session_info
req            INFO 	Using cached data for driver_info
2026-08-12 22:01:23,534 [INFO] fastf1.fastf1.req: Using cached data for driver_info
req            INFO 	Using cached data for session_status_data
2026-08-12 22:01:23,551 [INFO] fastf1.fastf1.req: Using cached data for session_status_data
req            INFO 	Using cached data for lap_count
2026-08-12 22:01:23,551 [INFO] fastf1.fastf1.req: Using cached data for lap_count
req            INFO 	Using cached data for track_status_data
2026-08-12 22:01:23,552 [INFO] fastf1.fastf1.req: Using cached data for track_status_data
req            INFO 	Using cached data for _extended_timing_data
2026-08-12 22:01:23,556 [INFO] fastf1.fastf1.req: Using cached data for _extended_timing_data
req            INFO 	Using cached data for timing_app_data
2026-08-12 22:01:23,557 [INFO] fastf1.fastf1.req: Using cached data for timing_app_data
core           INFO 	Processing timing data...
2026-08-12 22:01:23,557 [INFO] fastf1.fastf1.core: Processing timing data...
core           INFO 	Finished loading data for 20 drivers: ['63', '81', '55', '44', '1', '27', '11', '20', '3', '10', '16', '31', '18', '22', '23', '77', '24', '14', '2', '4']
2026-08-12 22:01:24,247 [INFO] fastf1.fastf1.core: Finished loading data for 20 drivers: ['63', '81', '55', '44', '1', '27', '11', '20', '3', '10', '16', '31', '18', '22', '23', '77', '24', '14', '2', '4']
core           INFO 	Loading data for British Grand Prix - Race [v3.8.3]
2026-08-12 22:01:25,774 [INFO] fastf1.fastf1.core: Loading data for British Grand Prix - Race [v3.8.3]
req            INFO 	Using cached data for session_info
2026-08-12 22:01:25,775 [INFO] fastf1.fastf1.req: Using cached data for session_info
req            INFO 	Using cached data for driver_info
2026-08-12 22:01:25,775 [INFO] fastf1.fastf1.req: Using cached data for driver_info
req            INFO 	No cached data found for session_status_data. Loading data...
2026-08-12 22:01:25,790 [INFO] fastf1.fastf1.req: No cached data found for session_status_data. Loading data...
_api           INFO 	Fetching session status data...
2026-08-12 22:01:25,790 [INFO] fastf1.api: Fetching session status data...
req            INFO 	Data has been written to cache!
2026-08-12 22:01:25,905 [INFO] fastf1.fastf1.req: Data has been written to cache!
req            INFO 	No cached data found for lap_count. Loading data...
2026-08-12 22:01:25,905 [INFO] fastf1.fastf1.req: No cached data found for lap_count. Loading data...
_api           INFO 	Fetching lap count data...
2026-08-12 22:01:25,905 [INFO] fastf1.api: Fetching lap count data...
req            INFO 	Data has been written to cache!
2026-08-12 22:01:26,133 [INFO] fastf1.fastf1.req: Data has been written to cache!
req            INFO 	No cached data found for track_status_data. Loading data...
2026-08-12 22:01:26,134 [INFO] fastf1.fastf1.req: No cached data found for track_status_data. Loading data...
_api           INFO 	Fetching track status data...
2026-08-12 22:01:26,134 [INFO] fastf1.api: Fetching track status data...
req            INFO 	Data has been written to cache!
2026-08-12 22:01:26,370 [INFO] fastf1.fastf1.req: Data has been written to cache!
req            INFO 	No cached data found for _extended_timing_data. Loading data...
2026-08-12 22:01:26,371 [INFO] fastf1.fastf1.req: No cached data found for _extended_timing_data. Loading data...
_api           INFO 	Fetching timing data...
2026-08-12 22:01:26,371 [INFO] fastf1.api: Fetching timing data...
_api           INFO 	Parsing timing data...
2026-08-12 22:01:27,071 [INFO] fastf1.api: Parsing timing data...
req            INFO 	Data has been written to cache!
2026-08-12 22:01:27,820 [INFO] fastf1.fastf1.req: Data has been written to cache!
req            INFO 	No cached data found for timing_app_data. Loading data...
2026-08-12 22:01:27,820 [INFO] fastf1.fastf1.req: No cached data found for timing_app_data. Loading data...
_api           INFO 	Fetching timing app data...
2026-08-12 22:01:27,820 [INFO] fastf1.api: Fetching timing app data...
req            INFO 	Data has been written to cache!
2026-08-12 22:01:27,915 [INFO] fastf1.fastf1.req: Data has been written to cache!
core           INFO 	Processing timing data...
2026-08-12 22:01:27,915 [INFO] fastf1.fastf1.core: Processing timing data...
core        WARNING 	Failed to perform lap accuracy check - all laps marked as inaccurate (driver 10)
2026-08-12 22:01:28,456 [WARNING] fastf1.fastf1.core: Failed to perform lap accuracy check - all laps marked as inaccurate (driver 10)
core           INFO 	Finished loading data for 20 drivers: ['44', '1', '4', '81', '55', '27', '18', '14', '23', '22', '2', '20', '3', '16', '77', '31', '11', '24', '63', '10']
2026-08-12 22:01:28,710 [INFO] fastf1.fastf1.core: Finished loading data for 20 drivers: ['44', '1', '4', '81', '55', '27', '18', '14', '23', '22', '2', '20', '3', '16', '77', '31', '11', '24', '63', '10']
core           INFO 	Loading data for Hungarian Grand Prix - Race [v3.8.3]
2026-08-12 22:01:30,238 [INFO] fastf1.fastf1.core: Loading data for Hungarian Grand Prix - Race [v3.8.3]
req            INFO 	Using cached data for session_info
2026-08-12 22:01:30,238 [INFO] fastf1.fastf1.req: Using cached data for session_info
req            INFO 	Using cached data for driver_info
2026-08-12 22:01:30,239 [INFO] fastf1.fastf1.req: Using cached data for driver_info
req            INFO 	No cached data found for session_status_data. Loading data...
2026-08-12 22:01:30,286 [INFO] fastf1.fastf1.req: No cached data found for session_status_data. Loading data...
_api           INFO 	Fetching session status data...
2026-08-12 22:01:30,286 [INFO] fastf1.api: Fetching session status data...
req            INFO 	Data has been written to cache!
2026-08-12 22:01:30,551 [INFO] fastf1.fastf1.req: Data has been written to cache!
req            INFO 	No cached data found for lap_count. Loading data...
2026-08-12 22:01:30,552 [INFO] fastf1.fastf1.req: No cached data found for lap_count. Loading data...
_api           INFO 	Fetching lap count data...
2026-08-12 22:01:30,552 [INFO] fastf1.api: Fetching lap count data...
req            INFO 	Data has been written to cache!
2026-08-12 22:01:30,836 [INFO] fastf1.fastf1.req: Data has been written to cache!
req            INFO 	No cached data found for track_status_data. Loading data...
2026-08-12 22:01:30,837 [INFO] fastf1.fastf1.req: No cached data found for track_status_data. Loading data...
_api           INFO 	Fetching track status data...
2026-08-12 22:01:30,837 [INFO] fastf1.api: Fetching track status data...
req            INFO 	Data has been written to cache!
2026-08-12 22:01:31,089 [INFO] fastf1.fastf1.req: Data has been written to cache!
req            INFO 	No cached data found for _extended_timing_data. Loading data...
2026-08-12 22:01:31,090 [INFO] fastf1.fastf1.req: No cached data found for _extended_timing_data. Loading data...
_api           INFO 	Fetching timing data...
2026-08-12 22:01:31,090 [INFO] fastf1.api: Fetching timing data...
_api           INFO 	Parsing timing data...
2026-08-12 22:01:31,826 [INFO] fastf1.api: Parsing timing data...
req            INFO 	Data has been written to cache!
2026-08-12 22:01:32,725 [INFO] fastf1.fastf1.req: Data has been written to cache!
req            INFO 	No cached data found for timing_app_data. Loading data...
2026-08-12 22:01:32,725 [INFO] fastf1.fastf1.req: No cached data found for timing_app_data. Loading data...
_api           INFO 	Fetching timing app data...
2026-08-12 22:01:32,725 [INFO] fastf1.api: Fetching timing app data...
req            INFO 	Data has been written to cache!
2026-08-12 22:01:32,821 [INFO] fastf1.fastf1.req: Data has been written to cache!
core           INFO 	Processing timing data...
2026-08-12 22:01:32,821 [INFO] fastf1.fastf1.core: Processing timing data...
core           INFO 	Finished loading data for 20 drivers: ['81', '4', '44', '16', '1', '55', '11', '63', '22', '18', '14', '3', '27', '23', '20', '77', '2', '31', '24', '10']
2026-08-12 22:01:33,548 [INFO] fastf1.fastf1.core: Finished loading data for 20 drivers: ['81', '4', '44', '16', '1', '55', '11', '63', '22', '18', '14', '3', '27', '23', '20', '77', '2', '31', '24', '10']
core           INFO 	Loading data for Belgian Grand Prix - Race [v3.8.3]
2026-08-12 22:01:35,077 [INFO] fastf1.fastf1.core: Loading data for Belgian Grand Prix - Race [v3.8.3]
req            INFO 	Using cached data for session_info
2026-08-12 22:01:35,078 [INFO] fastf1.fastf1.req: Using cached data for session_info
req            INFO 	Using cached data for driver_info
2026-08-12 22:01:35,079 [INFO] fastf1.fastf1.req: Using cached data for driver_info
req            INFO 	No cached data found for session_status_data. Loading data...
2026-08-12 22:01:35,130 [INFO] fastf1.fastf1.req: No cached data found for session_status_data. Loading data...
_api           INFO 	Fetching session status data...
2026-08-12 22:01:35,131 [INFO] fastf1.api: Fetching session status data...
req            INFO 	Data has been written to cache!
2026-08-12 22:01:35,414 [INFO] fastf1.fastf1.req: Data has been written to cache!
req            INFO 	No cached data found for lap_count. Loading data...
2026-08-12 22:01:35,415 [INFO] fastf1.fastf1.req: No cached data found for lap_count. Loading data...
_api           INFO 	Fetching lap count data...
2026-08-12 22:01:35,415 [INFO] fastf1.api: Fetching lap count data...
req            INFO 	Data has been written to cache!
2026-08-12 22:01:35,669 [INFO] fastf1.fastf1.req: Data has been written to cache!
req            INFO 	No cached data found for track_status_data. Loading data...
2026-08-12 22:01:35,669 [INFO] fastf1.fastf1.req: No cached data found for track_status_data. Loading data...
_api           INFO 	Fetching track status data...
2026-08-12 22:01:35,669 [INFO] fastf1.api: Fetching track status data...
req            INFO 	Data has been written to cache!
2026-08-12 22:01:35,913 [INFO] fastf1.fastf1.req: Data has been written to cache!
req            INFO 	No cached data found for _extended_timing_data. Loading data...
2026-08-12 22:01:35,914 [INFO] fastf1.fastf1.req: No cached data found for _extended_timing_data. Loading data...
_api           INFO 	Fetching timing data...
2026-08-12 22:01:35,914 [INFO] fastf1.api: Fetching timing data...
_api           INFO 	Parsing timing data...
2026-08-12 22:01:36,537 [INFO] fastf1.api: Parsing timing data...
req            INFO 	Data has been written to cache!
2026-08-12 22:01:37,277 [INFO] fastf1.fastf1.req: Data has been written to cache!
req            INFO 	No cached data found for timing_app_data. Loading data...
2026-08-12 22:01:37,278 [INFO] fastf1.fastf1.req: No cached data found for timing_app_data. Loading data...
_api           INFO 	Fetching timing app data...
2026-08-12 22:01:37,278 [INFO] fastf1.api: Fetching timing app data...
req            INFO 	Data has been written to cache!
2026-08-12 22:01:37,375 [INFO] fastf1.fastf1.req: Data has been written to cache!
core           INFO 	Processing timing data...
2026-08-12 22:01:37,375 [INFO] fastf1.fastf1.core: Processing timing data...
core        WARNING 	Fixed incorrect tyre stint information for driver '14'
2026-08-12 22:01:37,486 [WARNING] fastf1.fastf1.core: Fixed incorrect tyre stint information for driver '14'
core        WARNING 	Fixed incorrect tyre stint information for driver '3'
2026-08-12 22:01:37,515 [WARNING] fastf1.fastf1.core: Fixed incorrect tyre stint information for driver '3'
core        WARNING 	Fixed incorrect tyre stint information for driver '18'
2026-08-12 22:01:37,530 [WARNING] fastf1.fastf1.core: Fixed incorrect tyre stint information for driver '18'
core        WARNING 	Fixed incorrect tyre stint information for driver '22'
2026-08-12 22:01:37,600 [WARNING] fastf1.fastf1.core: Fixed incorrect tyre stint information for driver '22'
core           INFO 	Finished loading data for 20 drivers: ['44', '81', '16', '1', '4', '55', '11', '14', '31', '3', '18', '23', '10', '20', '77', '22', '2', '27', '24', '63']
2026-08-12 22:01:37,940 [INFO] fastf1.fastf1.core: Finished loading data for 20 drivers: ['44', '81', '16', '1', '4', '55', '11', '14', '31', '3', '18', '23', '10', '20', '77', '22', '2', '27', '24', '63']
core           INFO 	Loading data for Dutch Grand Prix - Race [v3.8.3]
2026-08-12 22:01:39,461 [INFO] fastf1.fastf1.core: Loading data for Dutch Grand Prix - Race [v3.8.3]
req            INFO 	Using cached data for session_info
2026-08-12 22:01:39,461 [INFO] fastf1.fastf1.req: Using cached data for session_info
req            INFO 	Using cached data for driver_info
2026-08-12 22:01:39,462 [INFO] fastf1.fastf1.req: Using cached data for driver_info
req            INFO 	No cached data found for session_status_data. Loading data...
2026-08-12 22:01:39,512 [INFO] fastf1.fastf1.req: No cached data found for session_status_data. Loading data...
_api           INFO 	Fetching session status data...
2026-08-12 22:01:39,512 [INFO] fastf1.api: Fetching session status data...
req            INFO 	Data has been written to cache!
2026-08-12 22:01:39,794 [INFO] fastf1.fastf1.req: Data has been written to cache!
req            INFO 	No cached data found for lap_count. Loading data...
2026-08-12 22:01:39,795 [INFO] fastf1.fastf1.req: No cached data found for lap_count. Loading data...
_api           INFO 	Fetching lap count data...
2026-08-12 22:01:39,795 [INFO] fastf1.api: Fetching lap count data...
req            INFO 	Data has been written to cache!
2026-08-12 22:01:40,052 [INFO] fastf1.fastf1.req: Data has been written to cache!
req            INFO 	No cached data found for track_status_data. Loading data...
2026-08-12 22:01:40,052 [INFO] fastf1.fastf1.req: No cached data found for track_status_data. Loading data...
_api           INFO 	Fetching track status data...
2026-08-12 22:01:40,052 [INFO] fastf1.api: Fetching track status data...
req            INFO 	Data has been written to cache!
2026-08-12 22:01:40,291 [INFO] fastf1.fastf1.req: Data has been written to cache!
req            INFO 	No cached data found for _extended_timing_data. Loading data...
2026-08-12 22:01:40,291 [INFO] fastf1.fastf1.req: No cached data found for _extended_timing_data. Loading data...
_api           INFO 	Fetching timing data...
2026-08-12 22:01:40,292 [INFO] fastf1.api: Fetching timing data...
_api           INFO 	Parsing timing data...
2026-08-12 22:01:41,185 [INFO] fastf1.api: Parsing timing data...
req            INFO 	Data has been written to cache!
2026-08-12 22:01:42,176 [INFO] fastf1.fastf1.req: Data has been written to cache!
req            INFO 	No cached data found for timing_app_data. Loading data...
2026-08-12 22:01:42,176 [INFO] fastf1.fastf1.req: No cached data found for timing_app_data. Loading data...
_api           INFO 	Fetching timing app data...
2026-08-12 22:01:42,176 [INFO] fastf1.api: Fetching timing app data...
req            INFO 	Data has been written to cache!
2026-08-12 22:01:42,316 [INFO] fastf1.fastf1.req: Data has been written to cache!
core           INFO 	Processing timing data...
2026-08-12 22:01:42,316 [INFO] fastf1.fastf1.core: Processing timing data...
core           INFO 	Finished loading data for 20 drivers: ['4', '1', '16', '81', '55', '11', '63', '44', '10', '14', '27', '3', '18', '23', '31', '2', '22', '20', '77', '24']
2026-08-12 22:01:43,091 [INFO] fastf1.fastf1.core: Finished loading data for 20 drivers: ['4', '1', '16', '81', '55', '11', '63', '44', '10', '14', '27', '3', '18', '23', '31', '2', '22', '20', '77', '24']
core           INFO 	Loading data for Italian Grand Prix - Race [v3.8.3]
2026-08-12 22:01:44,621 [INFO] fastf1.fastf1.core: Loading data for Italian Grand Prix - Race [v3.8.3]
req            INFO 	Using cached data for session_info
2026-08-12 22:01:44,622 [INFO] fastf1.fastf1.req: Using cached data for session_info
req            INFO 	Using cached data for driver_info
2026-08-12 22:01:44,622 [INFO] fastf1.fastf1.req: Using cached data for driver_info
req            INFO 	No cached data found for session_status_data. Loading data...
2026-08-12 22:01:44,668 [INFO] fastf1.fastf1.req: No cached data found for session_status_data. Loading data...
_api           INFO 	Fetching session status data...
2026-08-12 22:01:44,669 [INFO] fastf1.api: Fetching session status data...
req            INFO 	Data has been written to cache!
2026-08-12 22:01:44,954 [INFO] fastf1.fastf1.req: Data has been written to cache!
req            INFO 	No cached data found for lap_count. Loading data...
2026-08-12 22:01:44,954 [INFO] fastf1.fastf1.req: No cached data found for lap_count. Loading data...
_api           INFO 	Fetching lap count data...
2026-08-12 22:01:44,954 [INFO] fastf1.api: Fetching lap count data...
req            INFO 	Data has been written to cache!
2026-08-12 22:01:45,208 [INFO] fastf1.fastf1.req: Data has been written to cache!
req            INFO 	No cached data found for track_status_data. Loading data...
2026-08-12 22:01:45,208 [INFO] fastf1.fastf1.req: No cached data found for track_status_data. Loading data...
_api           INFO 	Fetching track status data...
2026-08-12 22:01:45,208 [INFO] fastf1.api: Fetching track status data...
req            INFO 	Data has been written to cache!
2026-08-12 22:01:45,452 [INFO] fastf1.fastf1.req: Data has been written to cache!
req            INFO 	No cached data found for _extended_timing_data. Loading data...
2026-08-12 22:01:45,453 [INFO] fastf1.fastf1.req: No cached data found for _extended_timing_data. Loading data...
_api           INFO 	Fetching timing data...
2026-08-12 22:01:45,453 [INFO] fastf1.api: Fetching timing data...
_api           INFO 	Parsing timing data...
2026-08-12 22:01:46,025 [INFO] fastf1.api: Parsing timing data...
req            INFO 	Data has been written to cache!
2026-08-12 22:01:46,768 [INFO] fastf1.fastf1.req: Data has been written to cache!
req            INFO 	No cached data found for timing_app_data. Loading data...
2026-08-12 22:01:46,768 [INFO] fastf1.fastf1.req: No cached data found for timing_app_data. Loading data...
_api           INFO 	Fetching timing app data...
2026-08-12 22:01:46,768 [INFO] fastf1.api: Fetching timing app data...
req            INFO 	Data has been written to cache!
2026-08-12 22:01:46,839 [INFO] fastf1.fastf1.req: Data has been written to cache!
core           INFO 	Processing timing data...
2026-08-12 22:01:46,839 [INFO] fastf1.fastf1.core: Processing timing data...
core           INFO 	Finished loading data for 20 drivers: ['16', '81', '4', '55', '44', '1', '63', '11', '23', '20', '14', '43', '3', '31', '10', '77', '27', '24', '18', '22']
2026-08-12 22:01:47,459 [INFO] fastf1.fastf1.core: Finished loading data for 20 drivers: ['16', '81', '4', '55', '44', '1', '63', '11', '23', '20', '14', '43', '3', '31', '10', '77', '27', '24', '18', '22']
core           INFO 	Loading data for Azerbaijan Grand Prix - Race [v3.8.3]
2026-08-12 22:01:48,987 [INFO] fastf1.fastf1.core: Loading data for Azerbaijan Grand Prix - Race [v3.8.3]
req            INFO 	Using cached data for session_info
2026-08-12 22:01:48,988 [INFO] fastf1.fastf1.req: Using cached data for session_info
req            INFO 	Using cached data for driver_info
2026-08-12 22:01:48,989 [INFO] fastf1.fastf1.req: Using cached data for driver_info
req            INFO 	No cached data found for session_status_data. Loading data...
2026-08-12 22:01:49,048 [INFO] fastf1.fastf1.req: No cached data found for session_status_data. Loading data...
_api           INFO 	Fetching session status data...
2026-08-12 22:01:49,048 [INFO] fastf1.api: Fetching session status data...
req            INFO 	Data has been written to cache!
2026-08-12 22:01:49,314 [INFO] fastf1.fastf1.req: Data has been written to cache!
req            INFO 	No cached data found for lap_count. Loading data...
2026-08-12 22:01:49,315 [INFO] fastf1.fastf1.req: No cached data found for lap_count. Loading data...
_api           INFO 	Fetching lap count data...
2026-08-12 22:01:49,315 [INFO] fastf1.api: Fetching lap count data...
req            INFO 	Data has been written to cache!
2026-08-12 22:01:49,574 [INFO] fastf1.fastf1.req: Data has been written to cache!
req            INFO 	No cached data found for track_status_data. Loading data...
2026-08-12 22:01:49,574 [INFO] fastf1.fastf1.req: No cached data found for track_status_data. Loading data...
_api           INFO 	Fetching track status data...
2026-08-12 22:01:49,574 [INFO] fastf1.api: Fetching track status data...
req            INFO 	Data has been written to cache!
2026-08-12 22:01:49,822 [INFO] fastf1.fastf1.req: Data has been written to cache!
req            INFO 	No cached data found for _extended_timing_data. Loading data...
2026-08-12 22:01:49,822 [INFO] fastf1.fastf1.req: No cached data found for _extended_timing_data. Loading data...
_api           INFO 	Fetching timing data...
2026-08-12 22:01:49,823 [INFO] fastf1.api: Fetching timing data...
_api           INFO 	Parsing timing data...
2026-08-12 22:01:50,455 [INFO] fastf1.api: Parsing timing data...
req            INFO 	Data has been written to cache!
2026-08-12 22:01:51,209 [INFO] fastf1.fastf1.req: Data has been written to cache!
req            INFO 	No cached data found for timing_app_data. Loading data...
2026-08-12 22:01:51,209 [INFO] fastf1.fastf1.req: No cached data found for timing_app_data. Loading data...
_api           INFO 	Fetching timing app data...
2026-08-12 22:01:51,209 [INFO] fastf1.api: Fetching timing app data...
req            INFO 	Data has been written to cache!
2026-08-12 22:01:51,345 [INFO] fastf1.fastf1.req: Data has been written to cache!
core           INFO 	Processing timing data...
2026-08-12 22:01:51,345 [INFO] fastf1.fastf1.core: Processing timing data...
core           INFO 	Finished loading data for 20 drivers: ['81', '16', '63', '4', '1', '14', '23', '43', '44', '50', '27', '10', '3', '24', '31', '77', '11', '55', '18', '22']
2026-08-12 22:01:52,008 [INFO] fastf1.fastf1.core: Finished loading data for 20 drivers: ['81', '16', '63', '4', '1', '14', '23', '43', '44', '50', '27', '10', '3', '24', '31', '77', '11', '55', '18', '22']
core           INFO 	Loading data for Singapore Grand Prix - Race [v3.8.3]
2026-08-12 22:01:53,535 [INFO] fastf1.fastf1.core: Loading data for Singapore Grand Prix - Race [v3.8.3]
req            INFO 	Using cached data for session_info
2026-08-12 22:01:53,536 [INFO] fastf1.fastf1.req: Using cached data for session_info
req            INFO 	Using cached data for driver_info
2026-08-12 22:01:53,537 [INFO] fastf1.fastf1.req: Using cached data for driver_info
req            INFO 	No cached data found for session_status_data. Loading data...
2026-08-12 22:01:53,584 [INFO] fastf1.fastf1.req: No cached data found for session_status_data. Loading data...
_api           INFO 	Fetching session status data...
2026-08-12 22:01:53,584 [INFO] fastf1.api: Fetching session status data...
req            INFO 	Data has been written to cache!
2026-08-12 22:01:53,880 [INFO] fastf1.fastf1.req: Data has been written to cache!
req            INFO 	No cached data found for lap_count. Loading data...
2026-08-12 22:01:53,881 [INFO] fastf1.fastf1.req: No cached data found for lap_count. Loading data...
_api           INFO 	Fetching lap count data...
2026-08-12 22:01:53,881 [INFO] fastf1.api: Fetching lap count data...
req            INFO 	Data has been written to cache!
2026-08-12 22:01:54,161 [INFO] fastf1.fastf1.req: Data has been written to cache!
req            INFO 	No cached data found for track_status_data. Loading data...
2026-08-12 22:01:54,161 [INFO] fastf1.fastf1.req: No cached data found for track_status_data. Loading data...
_api           INFO 	Fetching track status data...
2026-08-12 22:01:54,161 [INFO] fastf1.api: Fetching track status data...
req            INFO 	Data has been written to cache!
2026-08-12 22:01:54,389 [INFO] fastf1.fastf1.req: Data has been written to cache!
req            INFO 	No cached data found for _extended_timing_data. Loading data...
2026-08-12 22:01:54,390 [INFO] fastf1.fastf1.req: No cached data found for _extended_timing_data. Loading data...
_api           INFO 	Fetching timing data...
2026-08-12 22:01:54,390 [INFO] fastf1.api: Fetching timing data...
_api           INFO 	Parsing timing data...
2026-08-12 22:01:55,146 [INFO] fastf1.api: Parsing timing data...
req            INFO 	Data has been written to cache!
2026-08-12 22:01:56,081 [INFO] fastf1.fastf1.req: Data has been written to cache!
req            INFO 	No cached data found for timing_app_data. Loading data...
2026-08-12 22:01:56,081 [INFO] fastf1.fastf1.req: No cached data found for timing_app_data. Loading data...
_api           INFO 	Fetching timing app data...
2026-08-12 22:01:56,081 [INFO] fastf1.api: Fetching timing app data...
req            INFO 	Data has been written to cache!
2026-08-12 22:01:56,257 [INFO] fastf1.fastf1.req: Data has been written to cache!
core           INFO 	Processing timing data...
2026-08-12 22:01:56,257 [INFO] fastf1.fastf1.core: Processing timing data...
core           INFO 	Finished loading data for 20 drivers: ['4', '1', '81', '63', '16', '44', '55', '14', '27', '11', '43', '22', '31', '18', '24', '77', '10', '3', '20', '23']
2026-08-12 22:01:56,902 [INFO] fastf1.fastf1.core: Finished loading data for 20 drivers: ['4', '1', '81', '63', '16', '44', '55', '14', '27', '11', '43', '22', '31', '18', '24', '77', '10', '3', '20', '23']
core           INFO 	Loading data for United States Grand Prix - Race [v3.8.3]
2026-08-12 22:01:58,431 [INFO] fastf1.fastf1.core: Loading data for United States Grand Prix - Race [v3.8.3]
req            INFO 	Using cached data for session_info
2026-08-12 22:01:58,431 [INFO] fastf1.fastf1.req: Using cached data for session_info
req            INFO 	Using cached data for driver_info
2026-08-12 22:01:58,432 [INFO] fastf1.fastf1.req: Using cached data for driver_info
req            INFO 	No cached data found for session_status_data. Loading data...
2026-08-12 22:01:58,480 [INFO] fastf1.fastf1.req: No cached data found for session_status_data. Loading data...
_api           INFO 	Fetching session status data...
2026-08-12 22:01:58,480 [INFO] fastf1.api: Fetching session status data...
req            INFO 	Data has been written to cache!
2026-08-12 22:01:58,877 [INFO] fastf1.fastf1.req: Data has been written to cache!
req            INFO 	No cached data found for lap_count. Loading data...
2026-08-12 22:01:58,893 [INFO] fastf1.fastf1.req: No cached data found for lap_count. Loading data...
_api           INFO 	Fetching lap count data...
2026-08-12 22:01:58,893 [INFO] fastf1.api: Fetching lap count data...
req            INFO 	Data has been written to cache!
2026-08-12 22:01:59,069 [INFO] fastf1.fastf1.req: Data has been written to cache!
req            INFO 	No cached data found for track_status_data. Loading data...
2026-08-12 22:01:59,070 [INFO] fastf1.fastf1.req: No cached data found for track_status_data. Loading data...
_api           INFO 	Fetching track status data...
2026-08-12 22:01:59,070 [INFO] fastf1.api: Fetching track status data...
req            INFO 	Data has been written to cache!
2026-08-12 22:01:59,300 [INFO] fastf1.fastf1.req: Data has been written to cache!
req            INFO 	No cached data found for _extended_timing_data. Loading data...
2026-08-12 22:01:59,301 [INFO] fastf1.fastf1.req: No cached data found for _extended_timing_data. Loading data...
_api           INFO 	Fetching timing data...
2026-08-12 22:01:59,302 [INFO] fastf1.api: Fetching timing data...
_api           INFO 	Parsing timing data...
2026-08-12 22:01:59,933 [INFO] fastf1.api: Parsing timing data...
_api        WARNING 	Failed to align laps for drivers: ['44']
2026-08-12 22:02:00,607 [WARNING] fastf1.api: Failed to align laps for drivers: ['44']
req            INFO 	Data has been written to cache!
2026-08-12 22:02:00,635 [INFO] fastf1.fastf1.req: Data has been written to cache!
req            INFO 	No cached data found for timing_app_data. Loading data...
2026-08-12 22:02:00,635 [INFO] fastf1.fastf1.req: No cached data found for timing_app_data. Loading data...
_api           INFO 	Fetching timing app data...
2026-08-12 22:02:00,635 [INFO] fastf1.api: Fetching timing app data...
req            INFO 	Data has been written to cache!
2026-08-12 22:02:00,728 [INFO] fastf1.fastf1.req: Data has been written to cache!
core           INFO 	Processing timing data...
2026-08-12 22:02:00,729 [INFO] fastf1.fastf1.core: Processing timing data...
core           INFO 	Finished loading data for 20 drivers: ['16', '55', '1', '4', '81', '63', '11', '27', '30', '43', '20', '10', '14', '22', '18', '23', '77', '31', '24', '44']
2026-08-12 22:02:01,528 [INFO] fastf1.fastf1.core: Finished loading data for 20 drivers: ['16', '55', '1', '4', '81', '63', '11', '27', '30', '43', '20', '10', '14', '22', '18', '23', '77', '31', '24', '44']
core           INFO 	Loading data for Mexico City Grand Prix - Race [v3.8.3]
2026-08-12 22:02:03,054 [INFO] fastf1.fastf1.core: Loading data for Mexico City Grand Prix - Race [v3.8.3]
req            INFO 	Using cached data for session_info
2026-08-12 22:02:03,056 [INFO] fastf1.fastf1.req: Using cached data for session_info
req            INFO 	Using cached data for driver_info
2026-08-12 22:02:03,056 [INFO] fastf1.fastf1.req: Using cached data for driver_info
req            INFO 	No cached data found for session_status_data. Loading data...
2026-08-12 22:02:03,127 [INFO] fastf1.fastf1.req: No cached data found for session_status_data. Loading data...
_api           INFO 	Fetching session status data...
2026-08-12 22:02:03,127 [INFO] fastf1.api: Fetching session status data...
req            INFO 	Data has been written to cache!
2026-08-12 22:02:03,402 [INFO] fastf1.fastf1.req: Data has been written to cache!
req            INFO 	No cached data found for lap_count. Loading data...
2026-08-12 22:02:03,402 [INFO] fastf1.fastf1.req: No cached data found for lap_count. Loading data...
_api           INFO 	Fetching lap count data...
2026-08-12 22:02:03,402 [INFO] fastf1.api: Fetching lap count data...
req            INFO 	Data has been written to cache!
2026-08-12 22:02:03,633 [INFO] fastf1.fastf1.req: Data has been written to cache!
req            INFO 	No cached data found for track_status_data. Loading data...
2026-08-12 22:02:03,633 [INFO] fastf1.fastf1.req: No cached data found for track_status_data. Loading data...
_api           INFO 	Fetching track status data...
2026-08-12 22:02:03,633 [INFO] fastf1.api: Fetching track status data...
req            INFO 	Data has been written to cache!
2026-08-12 22:02:03,887 [INFO] fastf1.fastf1.req: Data has been written to cache!
req            INFO 	No cached data found for _extended_timing_data. Loading data...
2026-08-12 22:02:03,888 [INFO] fastf1.fastf1.req: No cached data found for _extended_timing_data. Loading data...
_api           INFO 	Fetching timing data...
2026-08-12 22:02:03,889 [INFO] fastf1.api: Fetching timing data...
_api           INFO 	Parsing timing data...
2026-08-12 22:02:04,602 [INFO] fastf1.api: Parsing timing data...
req            INFO 	Data has been written to cache!
2026-08-12 22:02:05,380 [INFO] fastf1.fastf1.req: Data has been written to cache!
req            INFO 	No cached data found for timing_app_data. Loading data...
2026-08-12 22:02:05,380 [INFO] fastf1.fastf1.req: No cached data found for timing_app_data. Loading data...
_api           INFO 	Fetching timing app data...
2026-08-12 22:02:05,380 [INFO] fastf1.api: Fetching timing app data...
req            INFO 	Data has been written to cache!
2026-08-12 22:02:05,476 [INFO] fastf1.fastf1.req: Data has been written to cache!
core           INFO 	Processing timing data...
2026-08-12 22:02:05,476 [INFO] fastf1.fastf1.core: Processing timing data...
core           INFO 	Finished loading data for 20 drivers: ['55', '4', '16', '44', '63', '1', '20', '81', '27', '10', '18', '43', '31', '77', '24', '30', '11', '14', '23', '22']
2026-08-12 22:02:06,284 [INFO] fastf1.fastf1.core: Finished loading data for 20 drivers: ['55', '4', '16', '44', '63', '1', '20', '81', '27', '10', '18', '43', '31', '77', '24', '30', '11', '14', '23', '22']
core           INFO 	Loading data for São Paulo Grand Prix - Race [v3.8.3]
2026-08-12 22:02:07,812 [INFO] fastf1.fastf1.core: Loading data for São Paulo Grand Prix - Race [v3.8.3]
req            INFO 	Using cached data for session_info
2026-08-12 22:02:07,813 [INFO] fastf1.fastf1.req: Using cached data for session_info
req            INFO 	Using cached data for driver_info
2026-08-12 22:02:07,813 [INFO] fastf1.fastf1.req: Using cached data for driver_info
req            INFO 	No cached data found for session_status_data. Loading data...
2026-08-12 22:02:07,868 [INFO] fastf1.fastf1.req: No cached data found for session_status_data. Loading data...
_api           INFO 	Fetching session status data...
2026-08-12 22:02:07,868 [INFO] fastf1.api: Fetching session status data...
req            INFO 	Data has been written to cache!
2026-08-12 22:02:08,159 [INFO] fastf1.fastf1.req: Data has been written to cache!
req            INFO 	No cached data found for lap_count. Loading data...
2026-08-12 22:02:08,160 [INFO] fastf1.fastf1.req: No cached data found for lap_count. Loading data...
_api           INFO 	Fetching lap count data...
2026-08-12 22:02:08,160 [INFO] fastf1.api: Fetching lap count data...
req            INFO 	Data has been written to cache!
2026-08-12 22:02:08,420 [INFO] fastf1.fastf1.req: Data has been written to cache!
req            INFO 	No cached data found for track_status_data. Loading data...
2026-08-12 22:02:08,420 [INFO] fastf1.fastf1.req: No cached data found for track_status_data. Loading data...
_api           INFO 	Fetching track status data...
2026-08-12 22:02:08,420 [INFO] fastf1.api: Fetching track status data...
req            INFO 	Data has been written to cache!
2026-08-12 22:02:08,687 [INFO] fastf1.fastf1.req: Data has been written to cache!
req            INFO 	No cached data found for _extended_timing_data. Loading data...
2026-08-12 22:02:08,687 [INFO] fastf1.fastf1.req: No cached data found for _extended_timing_data. Loading data...
_api           INFO 	Fetching timing data...
2026-08-12 22:02:08,688 [INFO] fastf1.api: Fetching timing data...
_api           INFO 	Parsing timing data...
2026-08-12 22:02:09,394 [INFO] fastf1.api: Parsing timing data...
req            INFO 	Data has been written to cache!
2026-08-12 22:02:10,103 [INFO] fastf1.fastf1.req: Data has been written to cache!
req            INFO 	No cached data found for timing_app_data. Loading data...
2026-08-12 22:02:10,104 [INFO] fastf1.fastf1.req: No cached data found for timing_app_data. Loading data...
_api           INFO 	Fetching timing app data...
2026-08-12 22:02:10,104 [INFO] fastf1.api: Fetching timing app data...
req            INFO 	Data has been written to cache!
2026-08-12 22:02:10,246 [INFO] fastf1.fastf1.req: Data has been written to cache!
core           INFO 	Processing timing data...
2026-08-12 22:02:10,246 [INFO] fastf1.fastf1.core: Processing timing data...
core        WARNING 	Failed to perform lap accuracy check - all laps marked as inaccurate (driver 23)
2026-08-12 22:02:10,937 [WARNING] fastf1.fastf1.core: Failed to perform lap accuracy check - all laps marked as inaccurate (driver 23)
core        WARNING 	Failed to perform lap accuracy check - all laps marked as inaccurate (driver 18)
2026-08-12 22:02:10,939 [WARNING] fastf1.fastf1.core: Failed to perform lap accuracy check - all laps marked as inaccurate (driver 18)
core           INFO 	Finished loading data for 20 drivers: ['1', '31', '10', '63', '16', '4', '22', '81', '30', '44', '11', '50', '77', '14', '24', '55', '43', '23', '18', '27']
2026-08-12 22:02:11,200 [INFO] fastf1.fastf1.core: Finished loading data for 20 drivers: ['1', '31', '10', '63', '16', '4', '22', '81', '30', '44', '11', '50', '77', '14', '24', '55', '43', '23', '18', '27']
core           INFO 	Loading data for Las Vegas Grand Prix - Race [v3.8.3]
2026-08-12 22:02:12,724 [INFO] fastf1.fastf1.core: Loading data for Las Vegas Grand Prix - Race [v3.8.3]
req            INFO 	Using cached data for session_info
2026-08-12 22:02:12,725 [INFO] fastf1.fastf1.req: Using cached data for session_info
req            INFO 	Using cached data for driver_info
2026-08-12 22:02:12,725 [INFO] fastf1.fastf1.req: Using cached data for driver_info
req            INFO 	No cached data found for session_status_data. Loading data...
2026-08-12 22:02:12,798 [INFO] fastf1.fastf1.req: No cached data found for session_status_data. Loading data...
_api           INFO 	Fetching session status data...
2026-08-12 22:02:12,798 [INFO] fastf1.api: Fetching session status data...
req            INFO 	Data has been written to cache!
2026-08-12 22:02:13,054 [INFO] fastf1.fastf1.req: Data has been written to cache!
req            INFO 	No cached data found for lap_count. Loading data...
2026-08-12 22:02:13,054 [INFO] fastf1.fastf1.req: No cached data found for lap_count. Loading data...
_api           INFO 	Fetching lap count data...
2026-08-12 22:02:13,054 [INFO] fastf1.api: Fetching lap count data...
req            INFO 	Data has been written to cache!
2026-08-12 22:02:13,293 [INFO] fastf1.fastf1.req: Data has been written to cache!
req            INFO 	No cached data found for track_status_data. Loading data...
2026-08-12 22:02:13,293 [INFO] fastf1.fastf1.req: No cached data found for track_status_data. Loading data...
_api           INFO 	Fetching track status data...
2026-08-12 22:02:13,293 [INFO] fastf1.api: Fetching track status data...
req            INFO 	Data has been written to cache!
2026-08-12 22:02:13,548 [INFO] fastf1.fastf1.req: Data has been written to cache!
req            INFO 	No cached data found for _extended_timing_data. Loading data...
2026-08-12 22:02:13,548 [INFO] fastf1.fastf1.req: No cached data found for _extended_timing_data. Loading data...
_api           INFO 	Fetching timing data...
2026-08-12 22:02:13,548 [INFO] fastf1.api: Fetching timing data...
_api           INFO 	Parsing timing data...
2026-08-12 22:02:14,158 [INFO] fastf1.api: Parsing timing data...
req            INFO 	Data has been written to cache!
2026-08-12 22:02:14,873 [INFO] fastf1.fastf1.req: Data has been written to cache!
req            INFO 	No cached data found for timing_app_data. Loading data...
2026-08-12 22:02:14,874 [INFO] fastf1.fastf1.req: No cached data found for timing_app_data. Loading data...
_api           INFO 	Fetching timing app data...
2026-08-12 22:02:14,874 [INFO] fastf1.api: Fetching timing app data...
req            INFO 	Data has been written to cache!
2026-08-12 22:02:14,969 [INFO] fastf1.fastf1.req: Data has been written to cache!
core           INFO 	Processing timing data...
2026-08-12 22:02:14,969 [INFO] fastf1.fastf1.core: Processing timing data...
core        WARNING 	Driver 63: Lap timing integrity check failed for 2 lap(s)
2026-08-12 22:02:15,431 [WARNING] fastf1.fastf1.core: Driver 63: Lap timing integrity check failed for 2 lap(s)
core        WARNING 	Driver 44: Lap timing integrity check failed for 1 lap(s)
2026-08-12 22:02:15,437 [WARNING] fastf1.fastf1.core: Driver 44: Lap timing integrity check failed for 1 lap(s)
core        WARNING 	Driver 55: Lap timing integrity check failed for 1 lap(s)
2026-08-12 22:02:15,444 [WARNING] fastf1.fastf1.core: Driver 55: Lap timing integrity check failed for 1 lap(s)
core        WARNING 	Driver 16: Lap timing integrity check failed for 2 lap(s)
2026-08-12 22:02:15,450 [WARNING] fastf1.fastf1.core: Driver 16: Lap timing integrity check failed for 2 lap(s)
core        WARNING 	Driver  1: Lap timing integrity check failed for 1 lap(s)
2026-08-12 22:02:15,456 [WARNING] fastf1.fastf1.core: Driver  1: Lap timing integrity check failed for 1 lap(s)
core        WARNING 	Driver  4: Lap timing integrity check failed for 1 lap(s)
2026-08-12 22:02:15,462 [WARNING] fastf1.fastf1.core: Driver  4: Lap timing integrity check failed for 1 lap(s)
core        WARNING 	Driver 81: Lap timing integrity check failed for 1 lap(s)
2026-08-12 22:02:15,468 [WARNING] fastf1.fastf1.core: Driver 81: Lap timing integrity check failed for 1 lap(s)
core        WARNING 	Driver 30: Lap timing integrity check failed for 2 lap(s)
2026-08-12 22:02:15,522 [WARNING] fastf1.fastf1.core: Driver 30: Lap timing integrity check failed for 2 lap(s)
core        WARNING 	Driver 77: Lap timing integrity check failed for 2 lap(s)
2026-08-12 22:02:15,534 [WARNING] fastf1.fastf1.core: Driver 77: Lap timing integrity check failed for 2 lap(s)
core        WARNING 	Driver 63 completed the race distance 00:00.427000 before the recorded end of the session.
2026-08-12 22:02:15,893 [WARNING] fastf1.fastf1.core: Driver 63 completed the race distance 00:00.427000 before the recorded end of the session.
core           INFO 	Finished loading data for 20 drivers: ['63', '44', '55', '16', '1', '4', '81', '27', '22', '11', '14', '20', '24', '43', '18', '30', '31', '77', '23', '10']
2026-08-12 22:02:15,913 [INFO] fastf1.fastf1.core: Finished loading data for 20 drivers: ['63', '44', '55', '16', '1', '4', '81', '27', '22', '11', '14', '20', '24', '43', '18', '30', '31', '77', '23', '10']
core           INFO 	Loading data for Qatar Grand Prix - Race [v3.8.3]
2026-08-12 22:02:17,440 [INFO] fastf1.fastf1.core: Loading data for Qatar Grand Prix - Race [v3.8.3]
req            INFO 	Using cached data for session_info
2026-08-12 22:02:17,441 [INFO] fastf1.fastf1.req: Using cached data for session_info
req            INFO 	Using cached data for driver_info
2026-08-12 22:02:17,441 [INFO] fastf1.fastf1.req: Using cached data for driver_info
req            INFO 	No cached data found for session_status_data. Loading data...
2026-08-12 22:02:17,500 [INFO] fastf1.fastf1.req: No cached data found for session_status_data. Loading data...
_api           INFO 	Fetching session status data...
2026-08-12 22:02:17,500 [INFO] fastf1.api: Fetching session status data...
req            INFO 	Data has been written to cache!
2026-08-12 22:02:17,753 [INFO] fastf1.fastf1.req: Data has been written to cache!
req            INFO 	No cached data found for lap_count. Loading data...
2026-08-12 22:02:17,753 [INFO] fastf1.fastf1.req: No cached data found for lap_count. Loading data...
_api           INFO 	Fetching lap count data...
2026-08-12 22:02:17,753 [INFO] fastf1.api: Fetching lap count data...
req            INFO 	Data has been written to cache!
2026-08-12 22:02:18,034 [INFO] fastf1.fastf1.req: Data has been written to cache!
req            INFO 	No cached data found for track_status_data. Loading data...
2026-08-12 22:02:18,035 [INFO] fastf1.fastf1.req: No cached data found for track_status_data. Loading data...
_api           INFO 	Fetching track status data...
2026-08-12 22:02:18,035 [INFO] fastf1.api: Fetching track status data...
req            INFO 	Data has been written to cache!
2026-08-12 22:02:18,267 [INFO] fastf1.fastf1.req: Data has been written to cache!
req            INFO 	No cached data found for _extended_timing_data. Loading data...
2026-08-12 22:02:18,268 [INFO] fastf1.fastf1.req: No cached data found for _extended_timing_data. Loading data...
_api           INFO 	Fetching timing data...
2026-08-12 22:02:18,268 [INFO] fastf1.api: Fetching timing data...
_api           INFO 	Parsing timing data...
2026-08-12 22:02:18,903 [INFO] fastf1.api: Parsing timing data...
req            INFO 	Data has been written to cache!
2026-08-12 22:02:19,585 [INFO] fastf1.fastf1.req: Data has been written to cache!
req            INFO 	No cached data found for timing_app_data. Loading data...
2026-08-12 22:02:19,585 [INFO] fastf1.fastf1.req: No cached data found for timing_app_data. Loading data...
_api           INFO 	Fetching timing app data...
2026-08-12 22:02:19,585 [INFO] fastf1.api: Fetching timing app data...
req            INFO 	Data has been written to cache!
2026-08-12 22:02:19,677 [INFO] fastf1.fastf1.req: Data has been written to cache!
core           INFO 	Processing timing data...
2026-08-12 22:02:19,677 [INFO] fastf1.fastf1.core: Processing timing data...
core        WARNING 	Fixed incorrect tyre stint information for driver '43'
2026-08-12 22:02:20,028 [WARNING] fastf1.fastf1.core: Fixed incorrect tyre stint information for driver '43'
core        WARNING 	Fixed incorrect tyre stint information for driver '31'
2026-08-12 22:02:20,034 [WARNING] fastf1.fastf1.core: Fixed incorrect tyre stint information for driver '31'
core           INFO 	Finished loading data for 20 drivers: ['1', '16', '81', '63', '10', '55', '14', '24', '20', '4', '77', '44', '22', '30', '23', '27', '11', '18', '43', '31']
2026-08-12 22:02:20,502 [INFO] fastf1.fastf1.core: Finished loading data for 20 drivers: ['1', '16', '81', '63', '10', '55', '14', '24', '20', '4', '77', '44', '22', '30', '23', '27', '11', '18', '43', '31']
core           INFO 	Loading data for Abu Dhabi Grand Prix - Race [v3.8.3]
2026-08-12 22:02:22,029 [INFO] fastf1.fastf1.core: Loading data for Abu Dhabi Grand Prix - Race [v3.8.3]
req            INFO 	Using cached data for session_info
2026-08-12 22:02:22,030 [INFO] fastf1.fastf1.req: Using cached data for session_info
req            INFO 	Using cached data for driver_info
2026-08-12 22:02:22,030 [INFO] fastf1.fastf1.req: Using cached data for driver_info
req            INFO 	No cached data found for session_status_data. Loading data...
2026-08-12 22:02:22,077 [INFO] fastf1.fastf1.req: No cached data found for session_status_data. Loading data...
_api           INFO 	Fetching session status data...
2026-08-12 22:02:22,077 [INFO] fastf1.api: Fetching session status data...
req            INFO 	Data has been written to cache!
2026-08-12 22:02:22,362 [INFO] fastf1.fastf1.req: Data has been written to cache!
req            INFO 	No cached data found for lap_count. Loading data...
2026-08-12 22:02:22,363 [INFO] fastf1.fastf1.req: No cached data found for lap_count. Loading data...
_api           INFO 	Fetching lap count data...
2026-08-12 22:02:22,363 [INFO] fastf1.api: Fetching lap count data...
req            INFO 	Data has been written to cache!
2026-08-12 22:02:22,614 [INFO] fastf1.fastf1.req: Data has been written to cache!
req            INFO 	No cached data found for track_status_data. Loading data...
2026-08-12 22:02:22,614 [INFO] fastf1.fastf1.req: No cached data found for track_status_data. Loading data...
_api           INFO 	Fetching track status data...
2026-08-12 22:02:22,614 [INFO] fastf1.api: Fetching track status data...
req            INFO 	Data has been written to cache!
2026-08-12 22:02:22,861 [INFO] fastf1.fastf1.req: Data has been written to cache!
req            INFO 	No cached data found for _extended_timing_data. Loading data...
2026-08-12 22:02:22,861 [INFO] fastf1.fastf1.req: No cached data found for _extended_timing_data. Loading data...
_api           INFO 	Fetching timing data...
2026-08-12 22:02:22,861 [INFO] fastf1.api: Fetching timing data...
_api           INFO 	Parsing timing data...
2026-08-12 22:02:23,545 [INFO] fastf1.api: Parsing timing data...
req            INFO 	Data has been written to cache!
2026-08-12 22:02:24,266 [INFO] fastf1.fastf1.req: Data has been written to cache!
req            INFO 	No cached data found for timing_app_data. Loading data...
2026-08-12 22:02:24,266 [INFO] fastf1.fastf1.req: No cached data found for timing_app_data. Loading data...
_api           INFO 	Fetching timing app data...
2026-08-12 22:02:24,266 [INFO] fastf1.api: Fetching timing app data...
req            INFO 	Data has been written to cache!
2026-08-12 22:02:24,362 [INFO] fastf1.fastf1.req: Data has been written to cache!
core           INFO 	Processing timing data...
2026-08-12 22:02:24,362 [INFO] fastf1.fastf1.core: Processing timing data...
core           INFO 	Finished loading data for 20 drivers: ['4', '55', '16', '44', '63', '1', '10', '27', '14', '81', '23', '22', '24', '18', '61', '20', '30', '77', '43', '11']
2026-08-12 22:02:24,992 [INFO] fastf1.fastf1.core: Finished loading data for 20 drivers: ['4', '55', '16', '44', '63', '1', '10', '27', '14', '81', '23', '22', '24', '18', '61', '20', '30', '77', '43', '11']
2026-08-12 22:02:25,087 [INFO] src.data_fetch: Saved 26604 lap rows to /Users/adhithiyaram/github-classroom/ACM40960/projects-adhithiyaram-tharun/data/raw/lap_data_2024.csv
core           INFO 	Loading data for Australian Grand Prix - Race [v3.8.3]
2026-08-12 22:02:25,342 [INFO] fastf1.fastf1.core: Loading data for Australian Grand Prix - Race [v3.8.3]
req            INFO 	Using cached data for session_info
2026-08-12 22:02:25,342 [INFO] fastf1.fastf1.req: Using cached data for session_info
req            INFO 	Using cached data for driver_info
2026-08-12 22:02:25,343 [INFO] fastf1.fastf1.req: Using cached data for driver_info
req            INFO 	No cached data found for session_status_data. Loading data...
2026-08-12 22:02:25,480 [INFO] fastf1.fastf1.req: No cached data found for session_status_data. Loading data...
_api           INFO 	Fetching session status data...
2026-08-12 22:02:25,480 [INFO] fastf1.api: Fetching session status data...
req            INFO 	Data has been written to cache!
2026-08-12 22:02:25,746 [INFO] fastf1.fastf1.req: Data has been written to cache!
req            INFO 	No cached data found for lap_count. Loading data...
2026-08-12 22:02:25,747 [INFO] fastf1.fastf1.req: No cached data found for lap_count. Loading data...
_api           INFO 	Fetching lap count data...
2026-08-12 22:02:25,747 [INFO] fastf1.api: Fetching lap count data...
req            INFO 	Data has been written to cache!
2026-08-12 22:02:26,027 [INFO] fastf1.fastf1.req: Data has been written to cache!
req            INFO 	No cached data found for track_status_data. Loading data...
2026-08-12 22:02:26,027 [INFO] fastf1.fastf1.req: No cached data found for track_status_data. Loading data...
_api           INFO 	Fetching track status data...
2026-08-12 22:02:26,027 [INFO] fastf1.api: Fetching track status data...
req            INFO 	Data has been written to cache!
2026-08-12 22:02:26,252 [INFO] fastf1.fastf1.req: Data has been written to cache!
req            INFO 	No cached data found for _extended_timing_data. Loading data...
2026-08-12 22:02:26,253 [INFO] fastf1.fastf1.req: No cached data found for _extended_timing_data. Loading data...
_api           INFO 	Fetching timing data...
2026-08-12 22:02:26,253 [INFO] fastf1.api: Fetching timing data...
_api           INFO 	Parsing timing data...
2026-08-12 22:02:26,877 [INFO] fastf1.api: Parsing timing data...
req            INFO 	Data has been written to cache!
2026-08-12 22:02:27,614 [INFO] fastf1.fastf1.req: Data has been written to cache!
req            INFO 	No cached data found for timing_app_data. Loading data...
2026-08-12 22:02:27,614 [INFO] fastf1.fastf1.req: No cached data found for timing_app_data. Loading data...
_api           INFO 	Fetching timing app data...
2026-08-12 22:02:27,614 [INFO] fastf1.api: Fetching timing app data...
req            INFO 	Data has been written to cache!
2026-08-12 22:02:27,763 [INFO] fastf1.fastf1.req: Data has been written to cache!
core           INFO 	Processing timing data...
2026-08-12 22:02:27,763 [INFO] fastf1.fastf1.core: Processing timing data...
core        WARNING 	Fixed incorrect tyre stint information for driver '87'
2026-08-12 22:02:28,050 [WARNING] fastf1.fastf1.core: Fixed incorrect tyre stint information for driver '87'
core        WARNING 	Fixed incorrect tyre stint information for driver '30'
2026-08-12 22:02:28,096 [WARNING] fastf1.fastf1.core: Fixed incorrect tyre stint information for driver '30'
core        WARNING 	Fixed incorrect tyre stint information for driver '5'
2026-08-12 22:02:28,126 [WARNING] fastf1.fastf1.core: Fixed incorrect tyre stint information for driver '5'
core        WARNING 	Driver 4 completed the race distance 00:00.022000 before the recorded end of the session.
2026-08-12 22:02:28,569 [WARNING] fastf1.fastf1.core: Driver 4 completed the race distance 00:00.022000 before the recorded end of the session.
core           INFO 	Finished loading data for 20 drivers: ['4', '1', '63', '12', '23', '18', '27', '16', '81', '44', '10', '22', '31', '87', '30', '5', '14', '55', '7', '6']
2026-08-12 22:02:28,635 [INFO] fastf1.fastf1.core: Finished loading data for 20 drivers: ['4', '1', '63', '12', '23', '18', '27', '16', '81', '44', '10', '22', '31', '87', '30', '5', '14', '55', '7', '6']
core           INFO 	Loading data for Chinese Grand Prix - Race [v3.8.3]
2026-08-12 22:02:30,158 [INFO] fastf1.fastf1.core: Loading data for Chinese Grand Prix - Race [v3.8.3]
req            INFO 	Using cached data for session_info
2026-08-12 22:02:30,159 [INFO] fastf1.fastf1.req: Using cached data for session_info
req            INFO 	Using cached data for driver_info
2026-08-12 22:02:30,159 [INFO] fastf1.fastf1.req: Using cached data for driver_info
req            INFO 	No cached data found for session_status_data. Loading data...
2026-08-12 22:02:30,206 [INFO] fastf1.fastf1.req: No cached data found for session_status_data. Loading data...
_api           INFO 	Fetching session status data...
2026-08-12 22:02:30,206 [INFO] fastf1.api: Fetching session status data...
req            INFO 	Data has been written to cache!
2026-08-12 22:02:30,497 [INFO] fastf1.fastf1.req: Data has been written to cache!
req            INFO 	No cached data found for lap_count. Loading data...
2026-08-12 22:02:30,498 [INFO] fastf1.fastf1.req: No cached data found for lap_count. Loading data...
_api           INFO 	Fetching lap count data...
2026-08-12 22:02:30,498 [INFO] fastf1.api: Fetching lap count data...
req            INFO 	Data has been written to cache!
2026-08-12 22:02:30,745 [INFO] fastf1.fastf1.req: Data has been written to cache!
req            INFO 	No cached data found for track_status_data. Loading data...
2026-08-12 22:02:30,746 [INFO] fastf1.fastf1.req: No cached data found for track_status_data. Loading data...
_api           INFO 	Fetching track status data...
2026-08-12 22:02:30,746 [INFO] fastf1.api: Fetching track status data...
req            INFO 	Data has been written to cache!
2026-08-12 22:02:31,005 [INFO] fastf1.fastf1.req: Data has been written to cache!
req            INFO 	No cached data found for _extended_timing_data. Loading data...
2026-08-12 22:02:31,006 [INFO] fastf1.fastf1.req: No cached data found for _extended_timing_data. Loading data...
_api           INFO 	Fetching timing data...
2026-08-12 22:02:31,006 [INFO] fastf1.api: Fetching timing data...
_api           INFO 	Parsing timing data...
2026-08-12 22:02:31,707 [INFO] fastf1.api: Parsing timing data...
req            INFO 	Data has been written to cache!
2026-08-12 22:02:32,446 [INFO] fastf1.fastf1.req: Data has been written to cache!
req            INFO 	No cached data found for timing_app_data. Loading data...
2026-08-12 22:02:32,447 [INFO] fastf1.fastf1.req: No cached data found for timing_app_data. Loading data...
_api           INFO 	Fetching timing app data...
2026-08-12 22:02:32,447 [INFO] fastf1.api: Fetching timing app data...
req            INFO 	Data has been written to cache!
2026-08-12 22:02:32,596 [INFO] fastf1.fastf1.req: Data has been written to cache!
core           INFO 	Processing timing data...
2026-08-12 22:02:32,596 [INFO] fastf1.fastf1.core: Processing timing data...
core           INFO 	Finished loading data for 20 drivers: ['81', '4', '63', '1', '31', '12', '23', '87', '18', '55', '6', '30', '7', '5', '27', '22', '14', '16', '44', '10']
2026-08-12 22:02:33,332 [INFO] fastf1.fastf1.core: Finished loading data for 20 drivers: ['81', '4', '63', '1', '31', '12', '23', '87', '18', '55', '6', '30', '7', '5', '27', '22', '14', '16', '44', '10']
core           INFO 	Loading data for Japanese Grand Prix - Race [v3.8.3]
2026-08-12 22:02:34,855 [INFO] fastf1.fastf1.core: Loading data for Japanese Grand Prix - Race [v3.8.3]
req            INFO 	Using cached data for session_info
2026-08-12 22:02:34,855 [INFO] fastf1.fastf1.req: Using cached data for session_info
req            INFO 	Using cached data for driver_info
2026-08-12 22:02:34,856 [INFO] fastf1.fastf1.req: Using cached data for driver_info
req            INFO 	No cached data found for session_status_data. Loading data...
2026-08-12 22:02:34,902 [INFO] fastf1.fastf1.req: No cached data found for session_status_data. Loading data...
_api           INFO 	Fetching session status data...
2026-08-12 22:02:34,902 [INFO] fastf1.api: Fetching session status data...
req            INFO 	Data has been written to cache!
2026-08-12 22:02:35,233 [INFO] fastf1.fastf1.req: Data has been written to cache!
req            INFO 	No cached data found for lap_count. Loading data...
2026-08-12 22:02:35,234 [INFO] fastf1.fastf1.req: No cached data found for lap_count. Loading data...
_api           INFO 	Fetching lap count data...
2026-08-12 22:02:35,234 [INFO] fastf1.api: Fetching lap count data...
req            INFO 	Data has been written to cache!
2026-08-12 22:02:35,441 [INFO] fastf1.fastf1.req: Data has been written to cache!
req            INFO 	No cached data found for track_status_data. Loading data...
2026-08-12 22:02:35,441 [INFO] fastf1.fastf1.req: No cached data found for track_status_data. Loading data...
_api           INFO 	Fetching track status data...
2026-08-12 22:02:35,441 [INFO] fastf1.api: Fetching track status data...
req            INFO 	Data has been written to cache!
2026-08-12 22:02:35,692 [INFO] fastf1.fastf1.req: Data has been written to cache!
req            INFO 	No cached data found for _extended_timing_data. Loading data...
2026-08-12 22:02:35,693 [INFO] fastf1.fastf1.req: No cached data found for _extended_timing_data. Loading data...
_api           INFO 	Fetching timing data...
2026-08-12 22:02:35,693 [INFO] fastf1.api: Fetching timing data...
_api           INFO 	Parsing timing data...
2026-08-12 22:02:36,435 [INFO] fastf1.api: Parsing timing data...
req            INFO 	Data has been written to cache!
2026-08-12 22:02:37,228 [INFO] fastf1.fastf1.req: Data has been written to cache!
req            INFO 	No cached data found for timing_app_data. Loading data...
2026-08-12 22:02:37,228 [INFO] fastf1.fastf1.req: No cached data found for timing_app_data. Loading data...
_api           INFO 	Fetching timing app data...
2026-08-12 22:02:37,228 [INFO] fastf1.api: Fetching timing app data...
req            INFO 	Data has been written to cache!
2026-08-12 22:02:37,372 [INFO] fastf1.fastf1.req: Data has been written to cache!
core           INFO 	Processing timing data...
2026-08-12 22:02:37,372 [INFO] fastf1.fastf1.core: Processing timing data...
core           INFO 	Finished loading data for 20 drivers: ['1', '4', '81', '16', '63', '12', '44', '6', '23', '87', '14', '22', '10', '55', '7', '27', '30', '31', '5', '18']
2026-08-12 22:02:38,127 [INFO] fastf1.fastf1.core: Finished loading data for 20 drivers: ['1', '4', '81', '16', '63', '12', '44', '6', '23', '87', '14', '22', '10', '55', '7', '27', '30', '31', '5', '18']
core           INFO 	Loading data for Bahrain Grand Prix - Race [v3.8.3]
2026-08-12 22:02:39,654 [INFO] fastf1.fastf1.core: Loading data for Bahrain Grand Prix - Race [v3.8.3]
req            INFO 	Using cached data for session_info
2026-08-12 22:02:39,655 [INFO] fastf1.fastf1.req: Using cached data for session_info
req            INFO 	Using cached data for driver_info
2026-08-12 22:02:39,656 [INFO] fastf1.fastf1.req: Using cached data for driver_info
req            INFO 	No cached data found for session_status_data. Loading data...
2026-08-12 22:02:39,704 [INFO] fastf1.fastf1.req: No cached data found for session_status_data. Loading data...
_api           INFO 	Fetching session status data...
2026-08-12 22:02:39,704 [INFO] fastf1.api: Fetching session status data...
req            INFO 	Data has been written to cache!
2026-08-12 22:02:40,012 [INFO] fastf1.fastf1.req: Data has been written to cache!
req            INFO 	No cached data found for lap_count. Loading data...
2026-08-12 22:02:40,012 [INFO] fastf1.fastf1.req: No cached data found for lap_count. Loading data...
_api           INFO 	Fetching lap count data...
2026-08-12 22:02:40,012 [INFO] fastf1.api: Fetching lap count data...
req            INFO 	Data has been written to cache!
2026-08-12 22:02:40,278 [INFO] fastf1.fastf1.req: Data has been written to cache!
req            INFO 	No cached data found for track_status_data. Loading data...
2026-08-12 22:02:40,278 [INFO] fastf1.fastf1.req: No cached data found for track_status_data. Loading data...
_api           INFO 	Fetching track status data...
2026-08-12 22:02:40,278 [INFO] fastf1.api: Fetching track status data...
req            INFO 	Data has been written to cache!
2026-08-12 22:02:40,472 [INFO] fastf1.fastf1.req: Data has been written to cache!
req            INFO 	No cached data found for _extended_timing_data. Loading data...
2026-08-12 22:02:40,473 [INFO] fastf1.fastf1.req: No cached data found for _extended_timing_data. Loading data...
_api           INFO 	Fetching timing data...
2026-08-12 22:02:40,473 [INFO] fastf1.api: Fetching timing data...
_api           INFO 	Parsing timing data...
2026-08-12 22:02:41,429 [INFO] fastf1.api: Parsing timing data...
req            INFO 	Data has been written to cache!
2026-08-12 22:02:42,425 [INFO] fastf1.fastf1.req: Data has been written to cache!
req            INFO 	No cached data found for timing_app_data. Loading data...
2026-08-12 22:02:42,425 [INFO] fastf1.fastf1.req: No cached data found for timing_app_data. Loading data...
_api           INFO 	Fetching timing app data...
2026-08-12 22:02:42,425 [INFO] fastf1.api: Fetching timing app data...
req            INFO 	Data has been written to cache!
2026-08-12 22:02:42,581 [INFO] fastf1.fastf1.req: Data has been written to cache!
core           INFO 	Processing timing data...
2026-08-12 22:02:42,581 [INFO] fastf1.fastf1.core: Processing timing data...
core           INFO 	Finished loading data for 20 drivers: ['81', '63', '4', '16', '44', '1', '10', '31', '22', '87', '12', '23', '6', '7', '14', '30', '18', '5', '55', '27']
2026-08-12 22:02:43,333 [INFO] fastf1.fastf1.core: Finished loading data for 20 drivers: ['81', '63', '4', '16', '44', '1', '10', '31', '22', '87', '12', '23', '6', '7', '14', '30', '18', '5', '55', '27']
core           INFO 	Loading data for Saudi Arabian Grand Prix - Race [v3.8.3]
2026-08-12 22:02:44,861 [INFO] fastf1.fastf1.core: Loading data for Saudi Arabian Grand Prix - Race [v3.8.3]
req            INFO 	Using cached data for session_info
2026-08-12 22:02:44,863 [INFO] fastf1.fastf1.req: Using cached data for session_info
req            INFO 	Using cached data for driver_info
2026-08-12 22:02:44,863 [INFO] fastf1.fastf1.req: Using cached data for driver_info
req            INFO 	No cached data found for session_status_data. Loading data...
2026-08-12 22:02:44,911 [INFO] fastf1.fastf1.req: No cached data found for session_status_data. Loading data...
_api           INFO 	Fetching session status data...
2026-08-12 22:02:44,912 [INFO] fastf1.api: Fetching session status data...
req            INFO 	Data has been written to cache!
2026-08-12 22:02:45,217 [INFO] fastf1.fastf1.req: Data has been written to cache!
req            INFO 	No cached data found for lap_count. Loading data...
2026-08-12 22:02:45,218 [INFO] fastf1.fastf1.req: No cached data found for lap_count. Loading data...
_api           INFO 	Fetching lap count data...
2026-08-12 22:02:45,218 [INFO] fastf1.api: Fetching lap count data...
req            INFO 	Data has been written to cache!
2026-08-12 22:02:45,463 [INFO] fastf1.fastf1.req: Data has been written to cache!
req            INFO 	No cached data found for track_status_data. Loading data...
2026-08-12 22:02:45,463 [INFO] fastf1.fastf1.req: No cached data found for track_status_data. Loading data...
_api           INFO 	Fetching track status data...
2026-08-12 22:02:45,463 [INFO] fastf1.api: Fetching track status data...
req            INFO 	Data has been written to cache!
2026-08-12 22:02:45,712 [INFO] fastf1.fastf1.req: Data has been written to cache!
req            INFO 	No cached data found for _extended_timing_data. Loading data...
2026-08-12 22:02:45,712 [INFO] fastf1.fastf1.req: No cached data found for _extended_timing_data. Loading data...
_api           INFO 	Fetching timing data...
2026-08-12 22:02:45,713 [INFO] fastf1.api: Fetching timing data...
_api           INFO 	Parsing timing data...
2026-08-12 22:02:46,358 [INFO] fastf1.api: Parsing timing data...
_api        WARNING 	Failed to align laps for drivers: ['22']
2026-08-12 22:02:47,126 [WARNING] fastf1.api: Failed to align laps for drivers: ['22']
req            INFO 	Data has been written to cache!
2026-08-12 22:02:47,153 [INFO] fastf1.fastf1.req: Data has been written to cache!
req            INFO 	No cached data found for timing_app_data. Loading data...
2026-08-12 22:02:47,153 [INFO] fastf1.fastf1.req: No cached data found for timing_app_data. Loading data...
_api           INFO 	Fetching timing app data...
2026-08-12 22:02:47,153 [INFO] fastf1.api: Fetching timing app data...
req            INFO 	Data has been written to cache!
2026-08-12 22:02:47,295 [INFO] fastf1.fastf1.req: Data has been written to cache!
core           INFO 	Processing timing data...
2026-08-12 22:02:47,295 [INFO] fastf1.fastf1.core: Processing timing data...
core           INFO 	Finished loading data for 20 drivers: ['81', '1', '16', '4', '63', '12', '44', '55', '23', '6', '14', '30', '87', '31', '27', '18', '7', '5', '22', '10']
2026-08-12 22:02:47,971 [INFO] fastf1.fastf1.core: Finished loading data for 20 drivers: ['81', '1', '16', '4', '63', '12', '44', '55', '23', '6', '14', '30', '87', '31', '27', '18', '7', '5', '22', '10']
core           INFO 	Loading data for Miami Grand Prix - Race [v3.8.3]
2026-08-12 22:02:49,496 [INFO] fastf1.fastf1.core: Loading data for Miami Grand Prix - Race [v3.8.3]
req            INFO 	Using cached data for session_info
2026-08-12 22:02:49,497 [INFO] fastf1.fastf1.req: Using cached data for session_info
req            INFO 	Using cached data for driver_info
2026-08-12 22:02:49,498 [INFO] fastf1.fastf1.req: Using cached data for driver_info
req            INFO 	No cached data found for session_status_data. Loading data...
2026-08-12 22:02:49,546 [INFO] fastf1.fastf1.req: No cached data found for session_status_data. Loading data...
_api           INFO 	Fetching session status data...
2026-08-12 22:02:49,546 [INFO] fastf1.api: Fetching session status data...
req            INFO 	Data has been written to cache!
2026-08-12 22:02:49,864 [INFO] fastf1.fastf1.req: Data has been written to cache!
req            INFO 	No cached data found for lap_count. Loading data...
2026-08-12 22:02:49,865 [INFO] fastf1.fastf1.req: No cached data found for lap_count. Loading data...
_api           INFO 	Fetching lap count data...
2026-08-12 22:02:49,865 [INFO] fastf1.api: Fetching lap count data...
req            INFO 	Data has been written to cache!
2026-08-12 22:02:50,103 [INFO] fastf1.fastf1.req: Data has been written to cache!
req            INFO 	No cached data found for track_status_data. Loading data...
2026-08-12 22:02:50,103 [INFO] fastf1.fastf1.req: No cached data found for track_status_data. Loading data...
_api           INFO 	Fetching track status data...
2026-08-12 22:02:50,103 [INFO] fastf1.api: Fetching track status data...
req            INFO 	Data has been written to cache!
2026-08-12 22:02:50,338 [INFO] fastf1.fastf1.req: Data has been written to cache!
req            INFO 	No cached data found for _extended_timing_data. Loading data...
2026-08-12 22:02:50,338 [INFO] fastf1.fastf1.req: No cached data found for _extended_timing_data. Loading data...
_api           INFO 	Fetching timing data...
2026-08-12 22:02:50,338 [INFO] fastf1.api: Fetching timing data...
_api           INFO 	Parsing timing data...
2026-08-12 22:02:51,065 [INFO] fastf1.api: Parsing timing data...
req            INFO 	Data has been written to cache!
2026-08-12 22:02:51,920 [INFO] fastf1.fastf1.req: Data has been written to cache!
req            INFO 	No cached data found for timing_app_data. Loading data...
2026-08-12 22:02:51,920 [INFO] fastf1.fastf1.req: No cached data found for timing_app_data. Loading data...
_api           INFO 	Fetching timing app data...
2026-08-12 22:02:51,920 [INFO] fastf1.api: Fetching timing app data...
req            INFO 	Data has been written to cache!
2026-08-12 22:02:52,028 [INFO] fastf1.fastf1.req: Data has been written to cache!
core           INFO 	Processing timing data...
2026-08-12 22:02:52,028 [INFO] fastf1.fastf1.core: Processing timing data...
core        WARNING 	Driver 81 completed the race distance 00:00.036000 before the recorded end of the session.
2026-08-12 22:02:52,647 [WARNING] fastf1.fastf1.core: Driver 81 completed the race distance 00:00.036000 before the recorded end of the session.
core           INFO 	Finished loading data for 20 drivers: ['81', '4', '63', '1', '23', '12', '16', '44', '55', '22', '6', '31', '10', '27', '14', '18', '30', '5', '87', '7']
2026-08-12 22:02:52,701 [INFO] fastf1.fastf1.core: Finished loading data for 20 drivers: ['81', '4', '63', '1', '23', '12', '16', '44', '55', '22', '6', '31', '10', '27', '14', '18', '30', '5', '87', '7']
core           INFO 	Loading data for Emilia Romagna Grand Prix - Race [v3.8.3]
2026-08-12 22:02:54,228 [INFO] fastf1.fastf1.core: Loading data for Emilia Romagna Grand Prix - Race [v3.8.3]
req            INFO 	Using cached data for session_info
2026-08-12 22:02:54,229 [INFO] fastf1.fastf1.req: Using cached data for session_info
req            INFO 	Using cached data for driver_info
2026-08-12 22:02:54,230 [INFO] fastf1.fastf1.req: Using cached data for driver_info
req            INFO 	No cached data found for session_status_data. Loading data...
2026-08-12 22:02:54,277 [INFO] fastf1.fastf1.req: No cached data found for session_status_data. Loading data...
_api           INFO 	Fetching session status data...
2026-08-12 22:02:54,277 [INFO] fastf1.api: Fetching session status data...
req            INFO 	Data has been written to cache!
2026-08-12 22:02:54,597 [INFO] fastf1.fastf1.req: Data has been written to cache!
req            INFO 	No cached data found for lap_count. Loading data...
2026-08-12 22:02:54,598 [INFO] fastf1.fastf1.req: No cached data found for lap_count. Loading data...
_api           INFO 	Fetching lap count data...
2026-08-12 22:02:54,598 [INFO] fastf1.api: Fetching lap count data...
req            INFO 	Data has been written to cache!
2026-08-12 22:02:54,843 [INFO] fastf1.fastf1.req: Data has been written to cache!
req            INFO 	No cached data found for track_status_data. Loading data...
2026-08-12 22:02:54,843 [INFO] fastf1.fastf1.req: No cached data found for track_status_data. Loading data...
_api           INFO 	Fetching track status data...
2026-08-12 22:02:54,843 [INFO] fastf1.api: Fetching track status data...
req            INFO 	Data has been written to cache!
2026-08-12 22:02:55,053 [INFO] fastf1.fastf1.req: Data has been written to cache!
req            INFO 	No cached data found for _extended_timing_data. Loading data...
2026-08-12 22:02:55,053 [INFO] fastf1.fastf1.req: No cached data found for _extended_timing_data. Loading data...
_api           INFO 	Fetching timing data...
2026-08-12 22:02:55,053 [INFO] fastf1.api: Fetching timing data...
_api           INFO 	Parsing timing data...
2026-08-12 22:02:55,822 [INFO] fastf1.api: Parsing timing data...
req            INFO 	Data has been written to cache!
2026-08-12 22:02:56,727 [INFO] fastf1.fastf1.req: Data has been written to cache!
req            INFO 	No cached data found for timing_app_data. Loading data...
2026-08-12 22:02:56,727 [INFO] fastf1.fastf1.req: No cached data found for timing_app_data. Loading data...
_api           INFO 	Fetching timing app data...
2026-08-12 22:02:56,727 [INFO] fastf1.api: Fetching timing app data...
req            INFO 	Data has been written to cache!
2026-08-12 22:02:56,883 [INFO] fastf1.fastf1.req: Data has been written to cache!
core           INFO 	Processing timing data...
2026-08-12 22:02:56,883 [INFO] fastf1.fastf1.core: Processing timing data...
core           INFO 	Finished loading data for 20 drivers: ['1', '4', '81', '44', '23', '16', '63', '55', '6', '22', '14', '27', '10', '30', '18', '43', '87', '5', '12', '31']
2026-08-12 22:02:57,675 [INFO] fastf1.fastf1.core: Finished loading data for 20 drivers: ['1', '4', '81', '44', '23', '16', '63', '55', '6', '22', '14', '27', '10', '30', '18', '43', '87', '5', '12', '31']
core           INFO 	Loading data for Monaco Grand Prix - Race [v3.8.3]
2026-08-12 22:02:59,203 [INFO] fastf1.fastf1.core: Loading data for Monaco Grand Prix - Race [v3.8.3]
req            INFO 	Using cached data for session_info
2026-08-12 22:02:59,204 [INFO] fastf1.fastf1.req: Using cached data for session_info
req            INFO 	Using cached data for driver_info
2026-08-12 22:02:59,205 [INFO] fastf1.fastf1.req: Using cached data for driver_info
req            INFO 	No cached data found for session_status_data. Loading data...
2026-08-12 22:02:59,251 [INFO] fastf1.fastf1.req: No cached data found for session_status_data. Loading data...
_api           INFO 	Fetching session status data...
2026-08-12 22:02:59,251 [INFO] fastf1.api: Fetching session status data...
req            INFO 	Data has been written to cache!
2026-08-12 22:02:59,544 [INFO] fastf1.fastf1.req: Data has been written to cache!
req            INFO 	No cached data found for lap_count. Loading data...
2026-08-12 22:02:59,545 [INFO] fastf1.fastf1.req: No cached data found for lap_count. Loading data...
_api           INFO 	Fetching lap count data...
2026-08-12 22:02:59,545 [INFO] fastf1.api: Fetching lap count data...
req            INFO 	Data has been written to cache!
2026-08-12 22:02:59,801 [INFO] fastf1.fastf1.req: Data has been written to cache!
req            INFO 	No cached data found for track_status_data. Loading data...
2026-08-12 22:02:59,801 [INFO] fastf1.fastf1.req: No cached data found for track_status_data. Loading data...
_api           INFO 	Fetching track status data...
2026-08-12 22:02:59,801 [INFO] fastf1.api: Fetching track status data...
req            INFO 	Data has been written to cache!
2026-08-12 22:03:00,055 [INFO] fastf1.fastf1.req: Data has been written to cache!
req            INFO 	No cached data found for _extended_timing_data. Loading data...
2026-08-12 22:03:00,055 [INFO] fastf1.fastf1.req: No cached data found for _extended_timing_data. Loading data...
_api           INFO 	Fetching timing data...
2026-08-12 22:03:00,056 [INFO] fastf1.api: Fetching timing data...
_api           INFO 	Parsing timing data...
2026-08-12 22:03:00,792 [INFO] fastf1.api: Parsing timing data...
req            INFO 	Data has been written to cache!
2026-08-12 22:03:01,829 [INFO] fastf1.fastf1.req: Data has been written to cache!
req            INFO 	No cached data found for timing_app_data. Loading data...
2026-08-12 22:03:01,829 [INFO] fastf1.fastf1.req: No cached data found for timing_app_data. Loading data...
_api           INFO 	Fetching timing app data...
2026-08-12 22:03:01,829 [INFO] fastf1.api: Fetching timing app data...
req            INFO 	Data has been written to cache!
2026-08-12 22:03:02,018 [INFO] fastf1.fastf1.req: Data has been written to cache!
core           INFO 	Processing timing data...
2026-08-12 22:03:02,018 [INFO] fastf1.fastf1.core: Processing timing data...
core           INFO 	Finished loading data for 20 drivers: ['4', '16', '81', '1', '44', '6', '31', '30', '23', '55', '63', '87', '43', '5', '18', '27', '22', '12', '14', '10']
2026-08-12 22:03:02,909 [INFO] fastf1.fastf1.core: Finished loading data for 20 drivers: ['4', '16', '81', '1', '44', '6', '31', '30', '23', '55', '63', '87', '43', '5', '18', '27', '22', '12', '14', '10']
core           INFO 	Loading data for Spanish Grand Prix - Race [v3.8.3]
2026-08-12 22:03:04,440 [INFO] fastf1.fastf1.core: Loading data for Spanish Grand Prix - Race [v3.8.3]
req            INFO 	Using cached data for session_info
2026-08-12 22:03:04,440 [INFO] fastf1.fastf1.req: Using cached data for session_info
req            INFO 	Using cached data for driver_info
2026-08-12 22:03:04,441 [INFO] fastf1.fastf1.req: Using cached data for driver_info
req            INFO 	No cached data found for session_status_data. Loading data...
2026-08-12 22:03:04,488 [INFO] fastf1.fastf1.req: No cached data found for session_status_data. Loading data...
_api           INFO 	Fetching session status data...
2026-08-12 22:03:04,488 [INFO] fastf1.api: Fetching session status data...
req            INFO 	Data has been written to cache!
2026-08-12 22:03:04,791 [INFO] fastf1.fastf1.req: Data has been written to cache!
req            INFO 	No cached data found for lap_count. Loading data...
2026-08-12 22:03:04,792 [INFO] fastf1.fastf1.req: No cached data found for lap_count. Loading data...
_api           INFO 	Fetching lap count data...
2026-08-12 22:03:04,792 [INFO] fastf1.api: Fetching lap count data...
req            INFO 	Data has been written to cache!
2026-08-12 22:03:05,118 [INFO] fastf1.fastf1.req: Data has been written to cache!
req            INFO 	No cached data found for track_status_data. Loading data...
2026-08-12 22:03:05,119 [INFO] fastf1.fastf1.req: No cached data found for track_status_data. Loading data...
_api           INFO 	Fetching track status data...
2026-08-12 22:03:05,119 [INFO] fastf1.api: Fetching track status data...
req            INFO 	Data has been written to cache!
2026-08-12 22:03:05,289 [INFO] fastf1.fastf1.req: Data has been written to cache!
req            INFO 	No cached data found for _extended_timing_data. Loading data...
2026-08-12 22:03:05,290 [INFO] fastf1.fastf1.req: No cached data found for _extended_timing_data. Loading data...
_api           INFO 	Fetching timing data...
2026-08-12 22:03:05,290 [INFO] fastf1.api: Fetching timing data...
_api           INFO 	Parsing timing data...
2026-08-12 22:03:05,955 [INFO] fastf1.api: Parsing timing data...
req            INFO 	Data has been written to cache!
2026-08-12 22:03:06,830 [INFO] fastf1.fastf1.req: Data has been written to cache!
req            INFO 	No cached data found for timing_app_data. Loading data...
2026-08-12 22:03:06,831 [INFO] fastf1.fastf1.req: No cached data found for timing_app_data. Loading data...
_api           INFO 	Fetching timing app data...
2026-08-12 22:03:06,831 [INFO] fastf1.api: Fetching timing app data...
req            INFO 	Data has been written to cache!
2026-08-12 22:03:06,991 [INFO] fastf1.fastf1.req: Data has been written to cache!
core           INFO 	Processing timing data...
2026-08-12 22:03:06,991 [INFO] fastf1.fastf1.core: Processing timing data...
core           INFO 	Finished loading data for 19 drivers: ['81', '4', '16', '63', '27', '44', '6', '10', '14', '1', '30', '5', '22', '55', '43', '31', '87', '12', '23']
2026-08-12 22:03:07,792 [INFO] fastf1.fastf1.core: Finished loading data for 19 drivers: ['81', '4', '16', '63', '27', '44', '6', '10', '14', '1', '30', '5', '22', '55', '43', '31', '87', '12', '23']
core           INFO 	Loading data for Canadian Grand Prix - Race [v3.8.3]
2026-08-12 22:03:09,319 [INFO] fastf1.fastf1.core: Loading data for Canadian Grand Prix - Race [v3.8.3]
req            INFO 	Using cached data for session_info
2026-08-12 22:03:09,320 [INFO] fastf1.fastf1.req: Using cached data for session_info
req            INFO 	Using cached data for driver_info
2026-08-12 22:03:09,321 [INFO] fastf1.fastf1.req: Using cached data for driver_info
req            INFO 	No cached data found for session_status_data. Loading data...
2026-08-12 22:03:09,369 [INFO] fastf1.fastf1.req: No cached data found for session_status_data. Loading data...
_api           INFO 	Fetching session status data...
2026-08-12 22:03:09,369 [INFO] fastf1.api: Fetching session status data...
req            INFO 	Data has been written to cache!
2026-08-12 22:03:09,653 [INFO] fastf1.fastf1.req: Data has been written to cache!
req            INFO 	No cached data found for lap_count. Loading data...
2026-08-12 22:03:09,654 [INFO] fastf1.fastf1.req: No cached data found for lap_count. Loading data...
_api           INFO 	Fetching lap count data...
2026-08-12 22:03:09,654 [INFO] fastf1.api: Fetching lap count data...
req            INFO 	Data has been written to cache!
2026-08-12 22:03:09,932 [INFO] fastf1.fastf1.req: Data has been written to cache!
req            INFO 	No cached data found for track_status_data. Loading data...
2026-08-12 22:03:09,933 [INFO] fastf1.fastf1.req: No cached data found for track_status_data. Loading data...
_api           INFO 	Fetching track status data...
2026-08-12 22:03:09,933 [INFO] fastf1.api: Fetching track status data...
req            INFO 	Data has been written to cache!
2026-08-12 22:03:10,166 [INFO] fastf1.fastf1.req: Data has been written to cache!
req            INFO 	No cached data found for _extended_timing_data. Loading data...
2026-08-12 22:03:10,167 [INFO] fastf1.fastf1.req: No cached data found for _extended_timing_data. Loading data...
_api           INFO 	Fetching timing data...
2026-08-12 22:03:10,167 [INFO] fastf1.api: Fetching timing data...
_api           INFO 	Parsing timing data...
2026-08-12 22:03:10,865 [INFO] fastf1.api: Parsing timing data...
req            INFO 	Data has been written to cache!
2026-08-12 22:03:11,767 [INFO] fastf1.fastf1.req: Data has been written to cache!
req            INFO 	No cached data found for timing_app_data. Loading data...
2026-08-12 22:03:11,768 [INFO] fastf1.fastf1.req: No cached data found for timing_app_data. Loading data...
_api           INFO 	Fetching timing app data...
2026-08-12 22:03:11,768 [INFO] fastf1.api: Fetching timing app data...
req            INFO 	Data has been written to cache!
2026-08-12 22:03:11,912 [INFO] fastf1.fastf1.req: Data has been written to cache!
core           INFO 	Processing timing data...
2026-08-12 22:03:11,912 [INFO] fastf1.fastf1.core: Processing timing data...
core           INFO 	Finished loading data for 20 drivers: ['63', '1', '12', '81', '16', '44', '14', '27', '31', '55', '87', '22', '43', '5', '10', '6', '18', '4', '30', '23']
2026-08-12 22:03:12,812 [INFO] fastf1.fastf1.core: Finished loading data for 20 drivers: ['63', '1', '12', '81', '16', '44', '14', '27', '31', '55', '87', '22', '43', '5', '10', '6', '18', '4', '30', '23']
core           INFO 	Loading data for Austrian Grand Prix - Race [v3.8.3]
2026-08-12 22:03:14,344 [INFO] fastf1.fastf1.core: Loading data for Austrian Grand Prix - Race [v3.8.3]
req            INFO 	Using cached data for session_info
2026-08-12 22:03:14,345 [INFO] fastf1.fastf1.req: Using cached data for session_info
req            INFO 	Using cached data for driver_info
2026-08-12 22:03:14,345 [INFO] fastf1.fastf1.req: Using cached data for driver_info
req            INFO 	No cached data found for session_status_data. Loading data...
2026-08-12 22:03:14,394 [INFO] fastf1.fastf1.req: No cached data found for session_status_data. Loading data...
_api           INFO 	Fetching session status data...
2026-08-12 22:03:14,394 [INFO] fastf1.api: Fetching session status data...
req            INFO 	Data has been written to cache!
2026-08-12 22:03:14,693 [INFO] fastf1.fastf1.req: Data has been written to cache!
req            INFO 	No cached data found for lap_count. Loading data...
2026-08-12 22:03:14,694 [INFO] fastf1.fastf1.req: No cached data found for lap_count. Loading data...
_api           INFO 	Fetching lap count data...
2026-08-12 22:03:14,694 [INFO] fastf1.api: Fetching lap count data...
req            INFO 	Data has been written to cache!
2026-08-12 22:03:14,942 [INFO] fastf1.fastf1.req: Data has been written to cache!
req            INFO 	No cached data found for track_status_data. Loading data...
2026-08-12 22:03:14,942 [INFO] fastf1.fastf1.req: No cached data found for track_status_data. Loading data...
_api           INFO 	Fetching track status data...
2026-08-12 22:03:14,943 [INFO] fastf1.api: Fetching track status data...
req            INFO 	Data has been written to cache!
2026-08-12 22:03:15,196 [INFO] fastf1.fastf1.req: Data has been written to cache!
req            INFO 	No cached data found for _extended_timing_data. Loading data...
2026-08-12 22:03:15,196 [INFO] fastf1.fastf1.req: No cached data found for _extended_timing_data. Loading data...
_api           INFO 	Fetching timing data...
2026-08-12 22:03:15,196 [INFO] fastf1.api: Fetching timing data...
_api           INFO 	Parsing timing data...
2026-08-12 22:03:15,859 [INFO] fastf1.api: Parsing timing data...
req            INFO 	Data has been written to cache!
2026-08-12 22:03:16,720 [INFO] fastf1.fastf1.req: Data has been written to cache!
req            INFO 	No cached data found for timing_app_data. Loading data...
2026-08-12 22:03:16,720 [INFO] fastf1.fastf1.req: No cached data found for timing_app_data. Loading data...
_api           INFO 	Fetching timing app data...
2026-08-12 22:03:16,720 [INFO] fastf1.api: Fetching timing app data...
req            INFO 	Data has been written to cache!
2026-08-12 22:03:16,869 [INFO] fastf1.fastf1.req: Data has been written to cache!
core           INFO 	Processing timing data...
2026-08-12 22:03:16,869 [INFO] fastf1.fastf1.core: Processing timing data...
core        WARNING 	Failed to perform lap accuracy check - all laps marked as inaccurate (driver 55)
2026-08-12 22:03:17,441 [WARNING] fastf1.fastf1.core: Failed to perform lap accuracy check - all laps marked as inaccurate (driver 55)
core           INFO 	Finished loading data for 20 drivers: ['4', '81', '16', '44', '63', '30', '14', '5', '27', '31', '87', '6', '10', '18', '43', '22', '23', '1', '12', '55']
2026-08-12 22:03:17,623 [INFO] fastf1.fastf1.core: Finished loading data for 20 drivers: ['4', '81', '16', '44', '63', '30', '14', '5', '27', '31', '87', '6', '10', '18', '43', '22', '23', '1', '12', '55']
core           INFO 	Loading data for British Grand Prix - Race [v3.8.3]
2026-08-12 22:03:19,150 [INFO] fastf1.fastf1.core: Loading data for British Grand Prix - Race [v3.8.3]
req            INFO 	Using cached data for session_info
2026-08-12 22:03:19,151 [INFO] fastf1.fastf1.req: Using cached data for session_info
req            INFO 	Using cached data for driver_info
2026-08-12 22:03:19,152 [INFO] fastf1.fastf1.req: Using cached data for driver_info
req            INFO 	No cached data found for session_status_data. Loading data...
2026-08-12 22:03:19,205 [INFO] fastf1.fastf1.req: No cached data found for session_status_data. Loading data...
_api           INFO 	Fetching session status data...
2026-08-12 22:03:19,205 [INFO] fastf1.api: Fetching session status data...
req            INFO 	Data has been written to cache!
2026-08-12 22:03:19,522 [INFO] fastf1.fastf1.req: Data has been written to cache!
req            INFO 	No cached data found for lap_count. Loading data...
2026-08-12 22:03:19,523 [INFO] fastf1.fastf1.req: No cached data found for lap_count. Loading data...
_api           INFO 	Fetching lap count data...
2026-08-12 22:03:19,523 [INFO] fastf1.api: Fetching lap count data...
req            INFO 	Data has been written to cache!
2026-08-12 22:03:19,766 [INFO] fastf1.fastf1.req: Data has been written to cache!
req            INFO 	No cached data found for track_status_data. Loading data...
2026-08-12 22:03:19,766 [INFO] fastf1.fastf1.req: No cached data found for track_status_data. Loading data...
_api           INFO 	Fetching track status data...
2026-08-12 22:03:19,766 [INFO] fastf1.api: Fetching track status data...
req            INFO 	Data has been written to cache!
2026-08-12 22:03:20,015 [INFO] fastf1.fastf1.req: Data has been written to cache!
req            INFO 	No cached data found for _extended_timing_data. Loading data...
2026-08-12 22:03:20,016 [INFO] fastf1.fastf1.req: No cached data found for _extended_timing_data. Loading data...
_api           INFO 	Fetching timing data...
2026-08-12 22:03:20,016 [INFO] fastf1.api: Fetching timing data...
_api           INFO 	Parsing timing data...
2026-08-12 22:03:20,640 [INFO] fastf1.api: Parsing timing data...
req            INFO 	Data has been written to cache!
2026-08-12 22:03:21,311 [INFO] fastf1.fastf1.req: Data has been written to cache!
req            INFO 	No cached data found for timing_app_data. Loading data...
2026-08-12 22:03:21,312 [INFO] fastf1.fastf1.req: No cached data found for timing_app_data. Loading data...
_api           INFO 	Fetching timing app data...
2026-08-12 22:03:21,312 [INFO] fastf1.api: Fetching timing app data...
req            INFO 	Data has been written to cache!
2026-08-12 22:03:21,469 [INFO] fastf1.fastf1.req: Data has been written to cache!
core           INFO 	Processing timing data...
2026-08-12 22:03:21,469 [INFO] fastf1.fastf1.core: Processing timing data...
core        WARNING 	Failed to perform lap accuracy check - all laps marked as inaccurate (driver 43)
2026-08-12 22:03:21,988 [WARNING] fastf1.fastf1.core: Failed to perform lap accuracy check - all laps marked as inaccurate (driver 43)
core           INFO 	Finished loading data for 20 drivers: ['4', '81', '27', '44', '1', '10', '18', '23', '14', '63', '87', '55', '31', '16', '22', '12', '6', '5', '30', '43']
2026-08-12 22:03:22,218 [INFO] fastf1.fastf1.core: Finished loading data for 20 drivers: ['4', '81', '27', '44', '1', '10', '18', '23', '14', '63', '87', '55', '31', '16', '22', '12', '6', '5', '30', '43']
core           INFO 	Loading data for Belgian Grand Prix - Race [v3.8.3]
2026-08-12 22:03:23,745 [INFO] fastf1.fastf1.core: Loading data for Belgian Grand Prix - Race [v3.8.3]
req            INFO 	Using cached data for session_info
2026-08-12 22:03:23,746 [INFO] fastf1.fastf1.req: Using cached data for session_info
req            INFO 	Using cached data for driver_info
2026-08-12 22:03:23,747 [INFO] fastf1.fastf1.req: Using cached data for driver_info
req            INFO 	No cached data found for session_status_data. Loading data...
2026-08-12 22:03:23,792 [INFO] fastf1.fastf1.req: No cached data found for session_status_data. Loading data...
_api           INFO 	Fetching session status data...
2026-08-12 22:03:23,792 [INFO] fastf1.api: Fetching session status data...
req            INFO 	Data has been written to cache!
2026-08-12 22:03:24,083 [INFO] fastf1.fastf1.req: Data has been written to cache!
req            INFO 	No cached data found for lap_count. Loading data...
2026-08-12 22:03:24,084 [INFO] fastf1.fastf1.req: No cached data found for lap_count. Loading data...
_api           INFO 	Fetching lap count data...
2026-08-12 22:03:24,084 [INFO] fastf1.api: Fetching lap count data...
req            INFO 	Data has been written to cache!
2026-08-12 22:03:24,352 [INFO] fastf1.fastf1.req: Data has been written to cache!
req            INFO 	No cached data found for track_status_data. Loading data...
2026-08-12 22:03:24,353 [INFO] fastf1.fastf1.req: No cached data found for track_status_data. Loading data...
_api           INFO 	Fetching track status data...
2026-08-12 22:03:24,353 [INFO] fastf1.api: Fetching track status data...
req            INFO 	Data has been written to cache!
2026-08-12 22:03:24,601 [INFO] fastf1.fastf1.req: Data has been written to cache!
req            INFO 	No cached data found for _extended_timing_data. Loading data...
2026-08-12 22:03:24,602 [INFO] fastf1.fastf1.req: No cached data found for _extended_timing_data. Loading data...
_api           INFO 	Fetching timing data...
2026-08-12 22:03:24,602 [INFO] fastf1.api: Fetching timing data...
_api           INFO 	Parsing timing data...
2026-08-12 22:03:25,366 [INFO] fastf1.api: Parsing timing data...
req            INFO 	Data has been written to cache!
2026-08-12 22:03:26,080 [INFO] fastf1.fastf1.req: Data has been written to cache!
req            INFO 	No cached data found for timing_app_data. Loading data...
2026-08-12 22:03:26,080 [INFO] fastf1.fastf1.req: No cached data found for timing_app_data. Loading data...
_api           INFO 	Fetching timing app data...
2026-08-12 22:03:26,080 [INFO] fastf1.api: Fetching timing app data...
req            INFO 	Data has been written to cache!
2026-08-12 22:03:26,226 [INFO] fastf1.fastf1.req: Data has been written to cache!
core           INFO 	Processing timing data...
2026-08-12 22:03:26,226 [INFO] fastf1.fastf1.core: Processing timing data...
core        WARNING 	Fixed incorrect tyre stint information for driver '81'
2026-08-12 22:03:26,233 [WARNING] fastf1.fastf1.core: Fixed incorrect tyre stint information for driver '81'
core        WARNING 	Fixed incorrect tyre stint information for driver '4'
2026-08-12 22:03:26,251 [WARNING] fastf1.fastf1.core: Fixed incorrect tyre stint information for driver '4'
core        WARNING 	Fixed incorrect tyre stint information for driver '16'
2026-08-12 22:03:26,267 [WARNING] fastf1.fastf1.core: Fixed incorrect tyre stint information for driver '16'
core        WARNING 	Fixed incorrect tyre stint information for driver '1'
2026-08-12 22:03:26,285 [WARNING] fastf1.fastf1.core: Fixed incorrect tyre stint information for driver '1'
core        WARNING 	Fixed incorrect tyre stint information for driver '63'
2026-08-12 22:03:26,300 [WARNING] fastf1.fastf1.core: Fixed incorrect tyre stint information for driver '63'
core        WARNING 	Fixed incorrect tyre stint information for driver '23'
2026-08-12 22:03:26,318 [WARNING] fastf1.fastf1.core: Fixed incorrect tyre stint information for driver '23'
core        WARNING 	Fixed incorrect tyre stint information for driver '44'
2026-08-12 22:03:26,335 [WARNING] fastf1.fastf1.core: Fixed incorrect tyre stint information for driver '44'
core        WARNING 	Fixed incorrect tyre stint information for driver '30'
2026-08-12 22:03:26,353 [WARNING] fastf1.fastf1.core: Fixed incorrect tyre stint information for driver '30'
core        WARNING 	Fixed incorrect tyre stint information for driver '5'
2026-08-12 22:03:26,370 [WARNING] fastf1.fastf1.core: Fixed incorrect tyre stint information for driver '5'
core        WARNING 	Fixed incorrect tyre stint information for driver '10'
2026-08-12 22:03:26,388 [WARNING] fastf1.fastf1.core: Fixed incorrect tyre stint information for driver '10'
core        WARNING 	Fixed incorrect tyre stint information for driver '87'
2026-08-12 22:03:26,407 [WARNING] fastf1.fastf1.core: Fixed incorrect tyre stint information for driver '87'
core        WARNING 	Fixed incorrect tyre stint information for driver '27'
2026-08-12 22:03:26,423 [WARNING] fastf1.fastf1.core: Fixed incorrect tyre stint information for driver '27'
core        WARNING 	Fixed incorrect tyre stint information for driver '22'
2026-08-12 22:03:26,440 [WARNING] fastf1.fastf1.core: Fixed incorrect tyre stint information for driver '22'
core        WARNING 	Fixed incorrect tyre stint information for driver '18'
2026-08-12 22:03:26,456 [WARNING] fastf1.fastf1.core: Fixed incorrect tyre stint information for driver '18'
core        WARNING 	Fixed incorrect tyre stint information for driver '31'
2026-08-12 22:03:26,472 [WARNING] fastf1.fastf1.core: Fixed incorrect tyre stint information for driver '31'
core        WARNING 	Fixed incorrect tyre stint information for driver '12'
2026-08-12 22:03:26,488 [WARNING] fastf1.fastf1.core: Fixed incorrect tyre stint information for driver '12'
core        WARNING 	Fixed incorrect tyre stint information for driver '14'
2026-08-12 22:03:26,506 [WARNING] fastf1.fastf1.core: Fixed incorrect tyre stint information for driver '14'
core        WARNING 	Fixed incorrect tyre stint information for driver '55'
2026-08-12 22:03:26,522 [WARNING] fastf1.fastf1.core: Fixed incorrect tyre stint information for driver '55'
core        WARNING 	Fixed incorrect tyre stint information for driver '43'
2026-08-12 22:03:26,540 [WARNING] fastf1.fastf1.core: Fixed incorrect tyre stint information for driver '43'
core        WARNING 	Fixed incorrect tyre stint information for driver '6'
2026-08-12 22:03:26,558 [WARNING] fastf1.fastf1.core: Fixed incorrect tyre stint information for driver '6'
core           INFO 	Finished loading data for 20 drivers: ['81', '4', '16', '1', '63', '23', '44', '30', '5', '10', '87', '27', '22', '18', '31', '12', '14', '55', '43', '6']
2026-08-12 22:03:26,978 [INFO] fastf1.fastf1.core: Finished loading data for 20 drivers: ['81', '4', '16', '1', '63', '23', '44', '30', '5', '10', '87', '27', '22', '18', '31', '12', '14', '55', '43', '6']
core           INFO 	Loading data for Hungarian Grand Prix - Race [v3.8.3]
2026-08-12 22:03:28,506 [INFO] fastf1.fastf1.core: Loading data for Hungarian Grand Prix - Race [v3.8.3]
req            INFO 	Using cached data for session_info
2026-08-12 22:03:28,506 [INFO] fastf1.fastf1.req: Using cached data for session_info
req            INFO 	Using cached data for driver_info
2026-08-12 22:03:28,507 [INFO] fastf1.fastf1.req: Using cached data for driver_info
req            INFO 	No cached data found for session_status_data. Loading data...
2026-08-12 22:03:28,552 [INFO] fastf1.fastf1.req: No cached data found for session_status_data. Loading data...
_api           INFO 	Fetching session status data...
2026-08-12 22:03:28,553 [INFO] fastf1.api: Fetching session status data...
req            INFO 	Data has been written to cache!
2026-08-12 22:03:28,866 [INFO] fastf1.fastf1.req: Data has been written to cache!
req            INFO 	No cached data found for lap_count. Loading data...
2026-08-12 22:03:28,867 [INFO] fastf1.fastf1.req: No cached data found for lap_count. Loading data...
_api           INFO 	Fetching lap count data...
2026-08-12 22:03:28,867 [INFO] fastf1.api: Fetching lap count data...
req            INFO 	Data has been written to cache!
2026-08-12 22:03:29,129 [INFO] fastf1.fastf1.req: Data has been written to cache!
req            INFO 	No cached data found for track_status_data. Loading data...
2026-08-12 22:03:29,129 [INFO] fastf1.fastf1.req: No cached data found for track_status_data. Loading data...
_api           INFO 	Fetching track status data...
2026-08-12 22:03:29,130 [INFO] fastf1.api: Fetching track status data...
req            INFO 	Data has been written to cache!
2026-08-12 22:03:29,357 [INFO] fastf1.fastf1.req: Data has been written to cache!
req            INFO 	No cached data found for _extended_timing_data. Loading data...
2026-08-12 22:03:29,358 [INFO] fastf1.fastf1.req: No cached data found for _extended_timing_data. Loading data...
_api           INFO 	Fetching timing data...
2026-08-12 22:03:29,358 [INFO] fastf1.api: Fetching timing data...
_api           INFO 	Parsing timing data...
2026-08-12 22:03:30,166 [INFO] fastf1.api: Parsing timing data...
req            INFO 	Data has been written to cache!
2026-08-12 22:03:31,048 [INFO] fastf1.fastf1.req: Data has been written to cache!
req            INFO 	No cached data found for timing_app_data. Loading data...
2026-08-12 22:03:31,048 [INFO] fastf1.fastf1.req: No cached data found for timing_app_data. Loading data...
_api           INFO 	Fetching timing app data...
2026-08-12 22:03:31,048 [INFO] fastf1.api: Fetching timing app data...
req            INFO 	Data has been written to cache!
2026-08-12 22:03:31,202 [INFO] fastf1.fastf1.req: Data has been written to cache!
core           INFO 	Processing timing data...
2026-08-12 22:03:31,202 [INFO] fastf1.fastf1.core: Processing timing data...
core           INFO 	Finished loading data for 20 drivers: ['4', '81', '63', '16', '14', '5', '18', '30', '1', '12', '6', '44', '27', '55', '23', '31', '22', '43', '10', '87']
2026-08-12 22:03:32,211 [INFO] fastf1.fastf1.core: Finished loading data for 20 drivers: ['4', '81', '63', '16', '14', '5', '18', '30', '1', '12', '6', '44', '27', '55', '23', '31', '22', '43', '10', '87']
core           INFO 	Loading data for Dutch Grand Prix - Race [v3.8.3]
2026-08-12 22:03:33,739 [INFO] fastf1.fastf1.core: Loading data for Dutch Grand Prix - Race [v3.8.3]
req            INFO 	Using cached data for session_info
2026-08-12 22:03:33,740 [INFO] fastf1.fastf1.req: Using cached data for session_info
req            INFO 	Using cached data for driver_info
2026-08-12 22:03:33,741 [INFO] fastf1.fastf1.req: Using cached data for driver_info
req            INFO 	No cached data found for session_status_data. Loading data...
2026-08-12 22:03:33,785 [INFO] fastf1.fastf1.req: No cached data found for session_status_data. Loading data...
_api           INFO 	Fetching session status data...
2026-08-12 22:03:33,785 [INFO] fastf1.api: Fetching session status data...
req            INFO 	Data has been written to cache!
2026-08-12 22:03:34,121 [INFO] fastf1.fastf1.req: Data has been written to cache!
req            INFO 	No cached data found for lap_count. Loading data...
2026-08-12 22:03:34,122 [INFO] fastf1.fastf1.req: No cached data found for lap_count. Loading data...
_api           INFO 	Fetching lap count data...
2026-08-12 22:03:34,122 [INFO] fastf1.api: Fetching lap count data...
req            INFO 	Data has been written to cache!
2026-08-12 22:03:34,351 [INFO] fastf1.fastf1.req: Data has been written to cache!
req            INFO 	No cached data found for track_status_data. Loading data...
2026-08-12 22:03:34,351 [INFO] fastf1.fastf1.req: No cached data found for track_status_data. Loading data...
_api           INFO 	Fetching track status data...
2026-08-12 22:03:34,351 [INFO] fastf1.api: Fetching track status data...
req            INFO 	Data has been written to cache!
2026-08-12 22:03:34,573 [INFO] fastf1.fastf1.req: Data has been written to cache!
req            INFO 	No cached data found for _extended_timing_data. Loading data...
2026-08-12 22:03:34,574 [INFO] fastf1.fastf1.req: No cached data found for _extended_timing_data. Loading data...
_api           INFO 	Fetching timing data...
2026-08-12 22:03:34,574 [INFO] fastf1.api: Fetching timing data...
_api           INFO 	Parsing timing data...
2026-08-12 22:03:35,443 [INFO] fastf1.api: Parsing timing data...
req            INFO 	Data has been written to cache!
2026-08-12 22:03:36,510 [INFO] fastf1.fastf1.req: Data has been written to cache!
req            INFO 	No cached data found for timing_app_data. Loading data...
2026-08-12 22:03:36,510 [INFO] fastf1.fastf1.req: No cached data found for timing_app_data. Loading data...
_api           INFO 	Fetching timing app data...
2026-08-12 22:03:36,510 [INFO] fastf1.api: Fetching timing app data...
req            INFO 	Data has been written to cache!
2026-08-12 22:03:36,656 [INFO] fastf1.fastf1.req: Data has been written to cache!
core           INFO 	Processing timing data...
2026-08-12 22:03:36,656 [INFO] fastf1.fastf1.core: Processing timing data...
core           INFO 	Finished loading data for 20 drivers: ['81', '1', '6', '63', '23', '87', '18', '14', '22', '31', '43', '30', '55', '27', '5', '12', '10', '4', '16', '44']
2026-08-12 22:03:37,539 [INFO] fastf1.fastf1.core: Finished loading data for 20 drivers: ['81', '1', '6', '63', '23', '87', '18', '14', '22', '31', '43', '30', '55', '27', '5', '12', '10', '4', '16', '44']
core           INFO 	Loading data for Italian Grand Prix - Race [v3.8.3]
2026-08-12 22:03:39,070 [INFO] fastf1.fastf1.core: Loading data for Italian Grand Prix - Race [v3.8.3]
req            INFO 	Using cached data for session_info
2026-08-12 22:03:39,071 [INFO] fastf1.fastf1.req: Using cached data for session_info
req            INFO 	Using cached data for driver_info
2026-08-12 22:03:39,072 [INFO] fastf1.fastf1.req: Using cached data for driver_info
req            INFO 	No cached data found for session_status_data. Loading data...
2026-08-12 22:03:39,119 [INFO] fastf1.fastf1.req: No cached data found for session_status_data. Loading data...
_api           INFO 	Fetching session status data...
2026-08-12 22:03:39,119 [INFO] fastf1.api: Fetching session status data...
req            INFO 	Data has been written to cache!
2026-08-12 22:03:39,421 [INFO] fastf1.fastf1.req: Data has been written to cache!
req            INFO 	No cached data found for lap_count. Loading data...
2026-08-12 22:03:39,422 [INFO] fastf1.fastf1.req: No cached data found for lap_count. Loading data...
_api           INFO 	Fetching lap count data...
2026-08-12 22:03:39,422 [INFO] fastf1.api: Fetching lap count data...
req            INFO 	Data has been written to cache!
2026-08-12 22:03:39,683 [INFO] fastf1.fastf1.req: Data has been written to cache!
req            INFO 	No cached data found for track_status_data. Loading data...
2026-08-12 22:03:39,684 [INFO] fastf1.fastf1.req: No cached data found for track_status_data. Loading data...
_api           INFO 	Fetching track status data...
2026-08-12 22:03:39,684 [INFO] fastf1.api: Fetching track status data...
req            INFO 	Data has been written to cache!
2026-08-12 22:03:39,923 [INFO] fastf1.fastf1.req: Data has been written to cache!
req            INFO 	No cached data found for _extended_timing_data. Loading data...
2026-08-12 22:03:39,924 [INFO] fastf1.fastf1.req: No cached data found for _extended_timing_data. Loading data...
_api           INFO 	Fetching timing data...
2026-08-12 22:03:39,924 [INFO] fastf1.api: Fetching timing data...
_api           INFO 	Parsing timing data...
2026-08-12 22:03:40,578 [INFO] fastf1.api: Parsing timing data...
req            INFO 	Data has been written to cache!
2026-08-12 22:03:41,252 [INFO] fastf1.fastf1.req: Data has been written to cache!
req            INFO 	No cached data found for timing_app_data. Loading data...
2026-08-12 22:03:41,252 [INFO] fastf1.fastf1.req: No cached data found for timing_app_data. Loading data...
_api           INFO 	Fetching timing app data...
2026-08-12 22:03:41,252 [INFO] fastf1.api: Fetching timing app data...
req            INFO 	Data has been written to cache!
2026-08-12 22:03:41,389 [INFO] fastf1.fastf1.req: Data has been written to cache!
core           INFO 	Processing timing data...
2026-08-12 22:03:41,389 [INFO] fastf1.fastf1.core: Processing timing data...
core        WARNING 	Failed to perform lap accuracy check - all laps marked as inaccurate (driver 27)
2026-08-12 22:03:41,922 [WARNING] fastf1.fastf1.core: Failed to perform lap accuracy check - all laps marked as inaccurate (driver 27)
core           INFO 	Finished loading data for 20 drivers: ['1', '4', '81', '16', '63', '44', '23', '5', '12', '6', '55', '87', '22', '30', '31', '10', '43', '18', '14', '27']
2026-08-12 22:03:42,106 [INFO] fastf1.fastf1.core: Finished loading data for 20 drivers: ['1', '4', '81', '16', '63', '44', '23', '5', '12', '6', '55', '87', '22', '30', '31', '10', '43', '18', '14', '27']
core           INFO 	Loading data for Azerbaijan Grand Prix - Race [v3.8.3]
2026-08-12 22:03:43,632 [INFO] fastf1.fastf1.core: Loading data for Azerbaijan Grand Prix - Race [v3.8.3]
req            INFO 	Using cached data for session_info
2026-08-12 22:03:43,633 [INFO] fastf1.fastf1.req: Using cached data for session_info
req            INFO 	Using cached data for driver_info
2026-08-12 22:03:43,633 [INFO] fastf1.fastf1.req: Using cached data for driver_info
req            INFO 	No cached data found for session_status_data. Loading data...
2026-08-12 22:03:43,679 [INFO] fastf1.fastf1.req: No cached data found for session_status_data. Loading data...
_api           INFO 	Fetching session status data...
2026-08-12 22:03:43,679 [INFO] fastf1.api: Fetching session status data...
req            INFO 	Data has been written to cache!
2026-08-12 22:03:43,973 [INFO] fastf1.fastf1.req: Data has been written to cache!
req            INFO 	No cached data found for lap_count. Loading data...
2026-08-12 22:03:43,973 [INFO] fastf1.fastf1.req: No cached data found for lap_count. Loading data...
_api           INFO 	Fetching lap count data...
2026-08-12 22:03:43,973 [INFO] fastf1.api: Fetching lap count data...
req            INFO 	Data has been written to cache!
2026-08-12 22:03:44,265 [INFO] fastf1.fastf1.req: Data has been written to cache!
req            INFO 	No cached data found for track_status_data. Loading data...
2026-08-12 22:03:44,265 [INFO] fastf1.fastf1.req: No cached data found for track_status_data. Loading data...
_api           INFO 	Fetching track status data...
2026-08-12 22:03:44,265 [INFO] fastf1.api: Fetching track status data...
req            INFO 	Data has been written to cache!
2026-08-12 22:03:44,476 [INFO] fastf1.fastf1.req: Data has been written to cache!
req            INFO 	No cached data found for _extended_timing_data. Loading data...
2026-08-12 22:03:44,477 [INFO] fastf1.fastf1.req: No cached data found for _extended_timing_data. Loading data...
_api           INFO 	Fetching timing data...
2026-08-12 22:03:44,477 [INFO] fastf1.api: Fetching timing data...
_api           INFO 	Parsing timing data...
2026-08-12 22:03:45,238 [INFO] fastf1.api: Parsing timing data...
req            INFO 	Data has been written to cache!
2026-08-12 22:03:46,026 [INFO] fastf1.fastf1.req: Data has been written to cache!
req            INFO 	No cached data found for timing_app_data. Loading data...
2026-08-12 22:03:46,026 [INFO] fastf1.fastf1.req: No cached data found for timing_app_data. Loading data...
_api           INFO 	Fetching timing app data...
2026-08-12 22:03:46,026 [INFO] fastf1.api: Fetching timing app data...
req            INFO 	Data has been written to cache!
2026-08-12 22:03:46,132 [INFO] fastf1.fastf1.req: Data has been written to cache!
core           INFO 	Processing timing data...
2026-08-12 22:03:46,132 [INFO] fastf1.fastf1.core: Processing timing data...
core        WARNING 	Driver 1 completed the race distance 00:00.015000 before the recorded end of the session.
2026-08-12 22:03:46,832 [WARNING] fastf1.fastf1.core: Driver 1 completed the race distance 00:00.015000 before the recorded end of the session.
core           INFO 	Finished loading data for 20 drivers: ['1', '63', '55', '12', '30', '22', '4', '44', '16', '6', '5', '87', '23', '31', '14', '27', '18', '10', '43', '81']
2026-08-12 22:03:46,874 [INFO] fastf1.fastf1.core: Finished loading data for 20 drivers: ['1', '63', '55', '12', '30', '22', '4', '44', '16', '6', '5', '87', '23', '31', '14', '27', '18', '10', '43', '81']
core           INFO 	Loading data for Singapore Grand Prix - Race [v3.8.3]
2026-08-12 22:03:48,405 [INFO] fastf1.fastf1.core: Loading data for Singapore Grand Prix - Race [v3.8.3]
req            INFO 	Using cached data for session_info
2026-08-12 22:03:48,406 [INFO] fastf1.fastf1.req: Using cached data for session_info
req            INFO 	Using cached data for driver_info
2026-08-12 22:03:48,406 [INFO] fastf1.fastf1.req: Using cached data for driver_info
req            INFO 	No cached data found for session_status_data. Loading data...
2026-08-12 22:03:48,458 [INFO] fastf1.fastf1.req: No cached data found for session_status_data. Loading data...
_api           INFO 	Fetching session status data...
2026-08-12 22:03:48,458 [INFO] fastf1.api: Fetching session status data...
req            INFO 	Data has been written to cache!
2026-08-12 22:03:48,745 [INFO] fastf1.fastf1.req: Data has been written to cache!
req            INFO 	No cached data found for lap_count. Loading data...
2026-08-12 22:03:48,746 [INFO] fastf1.fastf1.req: No cached data found for lap_count. Loading data...
_api           INFO 	Fetching lap count data...
2026-08-12 22:03:48,746 [INFO] fastf1.api: Fetching lap count data...
req            INFO 	Data has been written to cache!
2026-08-12 22:03:48,999 [INFO] fastf1.fastf1.req: Data has been written to cache!
req            INFO 	No cached data found for track_status_data. Loading data...
2026-08-12 22:03:48,999 [INFO] fastf1.fastf1.req: No cached data found for track_status_data. Loading data...
_api           INFO 	Fetching track status data...
2026-08-12 22:03:48,999 [INFO] fastf1.api: Fetching track status data...
req            INFO 	Data has been written to cache!
2026-08-12 22:03:49,247 [INFO] fastf1.fastf1.req: Data has been written to cache!
req            INFO 	No cached data found for _extended_timing_data. Loading data...
2026-08-12 22:03:49,248 [INFO] fastf1.fastf1.req: No cached data found for _extended_timing_data. Loading data...
_api           INFO 	Fetching timing data...
2026-08-12 22:03:49,248 [INFO] fastf1.api: Fetching timing data...
_api           INFO 	Parsing timing data...
2026-08-12 22:03:50,052 [INFO] fastf1.api: Parsing timing data...
req            INFO 	Data has been written to cache!
2026-08-12 22:03:50,897 [INFO] fastf1.fastf1.req: Data has been written to cache!
req            INFO 	No cached data found for timing_app_data. Loading data...
2026-08-12 22:03:50,897 [INFO] fastf1.fastf1.req: No cached data found for timing_app_data. Loading data...
_api           INFO 	Fetching timing app data...
2026-08-12 22:03:50,897 [INFO] fastf1.api: Fetching timing app data...
req            INFO 	Data has been written to cache!
2026-08-12 22:03:51,049 [INFO] fastf1.fastf1.req: Data has been written to cache!
core           INFO 	Processing timing data...
2026-08-12 22:03:51,049 [INFO] fastf1.fastf1.core: Processing timing data...
core           INFO 	Finished loading data for 20 drivers: ['63', '1', '4', '81', '12', '16', '14', '44', '87', '55', '6', '22', '18', '23', '30', '43', '5', '31', '10', '27']
2026-08-12 22:03:52,016 [INFO] fastf1.fastf1.core: Finished loading data for 20 drivers: ['63', '1', '4', '81', '12', '16', '14', '44', '87', '55', '6', '22', '18', '23', '30', '43', '5', '31', '10', '27']
core           INFO 	Loading data for United States Grand Prix - Race [v3.8.3]
2026-08-12 22:03:53,544 [INFO] fastf1.fastf1.core: Loading data for United States Grand Prix - Race [v3.8.3]
req            INFO 	Using cached data for session_info
2026-08-12 22:03:53,545 [INFO] fastf1.fastf1.req: Using cached data for session_info
req            INFO 	Using cached data for driver_info
2026-08-12 22:03:53,546 [INFO] fastf1.fastf1.req: Using cached data for driver_info
req            INFO 	No cached data found for session_status_data. Loading data...
2026-08-12 22:03:53,596 [INFO] fastf1.fastf1.req: No cached data found for session_status_data. Loading data...
_api           INFO 	Fetching session status data...
2026-08-12 22:03:53,596 [INFO] fastf1.api: Fetching session status data...
req            INFO 	Data has been written to cache!
2026-08-12 22:03:53,889 [INFO] fastf1.fastf1.req: Data has been written to cache!
req            INFO 	No cached data found for lap_count. Loading data...
2026-08-12 22:03:53,889 [INFO] fastf1.fastf1.req: No cached data found for lap_count. Loading data...
_api           INFO 	Fetching lap count data...
2026-08-12 22:03:53,890 [INFO] fastf1.api: Fetching lap count data...
req            INFO 	Data has been written to cache!
2026-08-12 22:03:54,146 [INFO] fastf1.fastf1.req: Data has been written to cache!
req            INFO 	No cached data found for track_status_data. Loading data...
2026-08-12 22:03:54,147 [INFO] fastf1.fastf1.req: No cached data found for track_status_data. Loading data...
_api           INFO 	Fetching track status data...
2026-08-12 22:03:54,147 [INFO] fastf1.api: Fetching track status data...
req            INFO 	Data has been written to cache!
2026-08-12 22:03:54,409 [INFO] fastf1.fastf1.req: Data has been written to cache!
req            INFO 	No cached data found for _extended_timing_data. Loading data...
2026-08-12 22:03:54,410 [INFO] fastf1.fastf1.req: No cached data found for _extended_timing_data. Loading data...
_api           INFO 	Fetching timing data...
2026-08-12 22:03:54,410 [INFO] fastf1.api: Fetching timing data...
_api           INFO 	Parsing timing data...
2026-08-12 22:03:55,112 [INFO] fastf1.api: Parsing timing data...
req            INFO 	Data has been written to cache!
2026-08-12 22:03:55,976 [INFO] fastf1.fastf1.req: Data has been written to cache!
req            INFO 	No cached data found for timing_app_data. Loading data...
2026-08-12 22:03:55,977 [INFO] fastf1.fastf1.req: No cached data found for timing_app_data. Loading data...
_api           INFO 	Fetching timing app data...
2026-08-12 22:03:55,977 [INFO] fastf1.api: Fetching timing app data...
req            INFO 	Data has been written to cache!
2026-08-12 22:03:56,130 [INFO] fastf1.fastf1.req: Data has been written to cache!
core           INFO 	Processing timing data...
2026-08-12 22:03:56,130 [INFO] fastf1.fastf1.core: Processing timing data...
core           INFO 	Finished loading data for 20 drivers: ['1', '4', '16', '44', '81', '63', '22', '27', '87', '14', '30', '18', '12', '23', '31', '6', '43', '5', '10', '55']
2026-08-12 22:03:56,921 [INFO] fastf1.fastf1.core: Finished loading data for 20 drivers: ['1', '4', '16', '44', '81', '63', '22', '27', '87', '14', '30', '18', '12', '23', '31', '6', '43', '5', '10', '55']
core           INFO 	Loading data for Mexico City Grand Prix - Race [v3.8.3]
2026-08-12 22:03:58,449 [INFO] fastf1.fastf1.core: Loading data for Mexico City Grand Prix - Race [v3.8.3]
req            INFO 	Using cached data for session_info
2026-08-12 22:03:58,449 [INFO] fastf1.fastf1.req: Using cached data for session_info
req            INFO 	Using cached data for driver_info
2026-08-12 22:03:58,450 [INFO] fastf1.fastf1.req: Using cached data for driver_info
req            INFO 	No cached data found for session_status_data. Loading data...
2026-08-12 22:03:58,494 [INFO] fastf1.fastf1.req: No cached data found for session_status_data. Loading data...
_api           INFO 	Fetching session status data...
2026-08-12 22:03:58,494 [INFO] fastf1.api: Fetching session status data...
req            INFO 	Data has been written to cache!
2026-08-12 22:03:58,823 [INFO] fastf1.fastf1.req: Data has been written to cache!
req            INFO 	No cached data found for lap_count. Loading data...
2026-08-12 22:03:58,823 [INFO] fastf1.fastf1.req: No cached data found for lap_count. Loading data...
_api           INFO 	Fetching lap count data...
2026-08-12 22:03:58,824 [INFO] fastf1.api: Fetching lap count data...
req            INFO 	Data has been written to cache!
2026-08-12 22:03:59,057 [INFO] fastf1.fastf1.req: Data has been written to cache!
req            INFO 	No cached data found for track_status_data. Loading data...
2026-08-12 22:03:59,057 [INFO] fastf1.fastf1.req: No cached data found for track_status_data. Loading data...
_api           INFO 	Fetching track status data...
2026-08-12 22:03:59,057 [INFO] fastf1.api: Fetching track status data...
req            INFO 	Data has been written to cache!
2026-08-12 22:03:59,296 [INFO] fastf1.fastf1.req: Data has been written to cache!
req            INFO 	No cached data found for _extended_timing_data. Loading data...
2026-08-12 22:03:59,297 [INFO] fastf1.fastf1.req: No cached data found for _extended_timing_data. Loading data...
_api           INFO 	Fetching timing data...
2026-08-12 22:03:59,297 [INFO] fastf1.api: Fetching timing data...
_api           INFO 	Parsing timing data...
2026-08-12 22:04:00,107 [INFO] fastf1.api: Parsing timing data...
req            INFO 	Data has been written to cache!
2026-08-12 22:04:01,023 [INFO] fastf1.fastf1.req: Data has been written to cache!
req            INFO 	No cached data found for timing_app_data. Loading data...
2026-08-12 22:04:01,023 [INFO] fastf1.fastf1.req: No cached data found for timing_app_data. Loading data...
_api           INFO 	Fetching timing app data...
2026-08-12 22:04:01,023 [INFO] fastf1.api: Fetching timing app data...
req            INFO 	Data has been written to cache!
2026-08-12 22:04:01,182 [INFO] fastf1.fastf1.req: Data has been written to cache!
core           INFO 	Processing timing data...
2026-08-12 22:04:01,182 [INFO] fastf1.fastf1.core: Processing timing data...
core           INFO 	Finished loading data for 20 drivers: ['4', '16', '1', '87', '81', '12', '63', '44', '31', '5', '22', '23', '6', '18', '10', '43', '55', '14', '27', '30']
2026-08-12 22:04:01,991 [INFO] fastf1.fastf1.core: Finished loading data for 20 drivers: ['4', '16', '1', '87', '81', '12', '63', '44', '31', '5', '22', '23', '6', '18', '10', '43', '55', '14', '27', '30']
core           INFO 	Loading data for São Paulo Grand Prix - Race [v3.8.3]
2026-08-12 22:04:03,519 [INFO] fastf1.fastf1.core: Loading data for São Paulo Grand Prix - Race [v3.8.3]
req            INFO 	Using cached data for session_info
2026-08-12 22:04:03,520 [INFO] fastf1.fastf1.req: Using cached data for session_info
req            INFO 	Using cached data for driver_info
2026-08-12 22:04:03,520 [INFO] fastf1.fastf1.req: Using cached data for driver_info
req            INFO 	No cached data found for session_status_data. Loading data...
2026-08-12 22:04:03,565 [INFO] fastf1.fastf1.req: No cached data found for session_status_data. Loading data...
_api           INFO 	Fetching session status data...
2026-08-12 22:04:03,565 [INFO] fastf1.api: Fetching session status data...
req            INFO 	Data has been written to cache!
2026-08-12 22:04:03,854 [INFO] fastf1.fastf1.req: Data has been written to cache!
req            INFO 	No cached data found for lap_count. Loading data...
2026-08-12 22:04:03,855 [INFO] fastf1.fastf1.req: No cached data found for lap_count. Loading data...
_api           INFO 	Fetching lap count data...
2026-08-12 22:04:03,855 [INFO] fastf1.api: Fetching lap count data...
req            INFO 	Data has been written to cache!
2026-08-12 22:04:04,131 [INFO] fastf1.fastf1.req: Data has been written to cache!
req            INFO 	No cached data found for track_status_data. Loading data...
2026-08-12 22:04:04,131 [INFO] fastf1.fastf1.req: No cached data found for track_status_data. Loading data...
_api           INFO 	Fetching track status data...
2026-08-12 22:04:04,131 [INFO] fastf1.api: Fetching track status data...
req            INFO 	Data has been written to cache!
2026-08-12 22:04:04,377 [INFO] fastf1.fastf1.req: Data has been written to cache!
req            INFO 	No cached data found for _extended_timing_data. Loading data...
2026-08-12 22:04:04,378 [INFO] fastf1.fastf1.req: No cached data found for _extended_timing_data. Loading data...
_api           INFO 	Fetching timing data...
2026-08-12 22:04:04,378 [INFO] fastf1.api: Fetching timing data...
_api           INFO 	Parsing timing data...
2026-08-12 22:04:05,118 [INFO] fastf1.api: Parsing timing data...
req            INFO 	Data has been written to cache!
2026-08-12 22:04:05,957 [INFO] fastf1.fastf1.req: Data has been written to cache!
req            INFO 	No cached data found for timing_app_data. Loading data...
2026-08-12 22:04:05,958 [INFO] fastf1.fastf1.req: No cached data found for timing_app_data. Loading data...
_api           INFO 	Fetching timing app data...
2026-08-12 22:04:05,958 [INFO] fastf1.api: Fetching timing app data...
req            INFO 	Data has been written to cache!
2026-08-12 22:04:06,103 [INFO] fastf1.fastf1.req: Data has been written to cache!
core           INFO 	Processing timing data...
2026-08-12 22:04:06,103 [INFO] fastf1.fastf1.core: Processing timing data...
core        WARNING 	Driver 4 completed the race distance 00:00.010000 before the recorded end of the session.
2026-08-12 22:04:06,961 [WARNING] fastf1.fastf1.core: Driver 4 completed the race distance 00:00.010000 before the recorded end of the session.
core           INFO 	Finished loading data for 20 drivers: ['4', '12', '1', '63', '81', '87', '30', '6', '27', '10', '23', '31', '55', '14', '43', '18', '22', '44', '16', '5']
2026-08-12 22:04:06,992 [INFO] fastf1.fastf1.core: Finished loading data for 20 drivers: ['4', '12', '1', '63', '81', '87', '30', '6', '27', '10', '23', '31', '55', '14', '43', '18', '22', '44', '16', '5']
core           INFO 	Loading data for Las Vegas Grand Prix - Race [v3.8.3]
2026-08-12 22:04:08,522 [INFO] fastf1.fastf1.core: Loading data for Las Vegas Grand Prix - Race [v3.8.3]
req            INFO 	Using cached data for session_info
2026-08-12 22:04:08,522 [INFO] fastf1.fastf1.req: Using cached data for session_info
req            INFO 	Using cached data for driver_info
2026-08-12 22:04:08,523 [INFO] fastf1.fastf1.req: Using cached data for driver_info
req            INFO 	No cached data found for session_status_data. Loading data...
2026-08-12 22:04:08,571 [INFO] fastf1.fastf1.req: No cached data found for session_status_data. Loading data...
_api           INFO 	Fetching session status data...
2026-08-12 22:04:08,571 [INFO] fastf1.api: Fetching session status data...
req            INFO 	Data has been written to cache!
2026-08-12 22:04:08,913 [INFO] fastf1.fastf1.req: Data has been written to cache!
req            INFO 	No cached data found for lap_count. Loading data...
2026-08-12 22:04:08,913 [INFO] fastf1.fastf1.req: No cached data found for lap_count. Loading data...
_api           INFO 	Fetching lap count data...
2026-08-12 22:04:08,914 [INFO] fastf1.api: Fetching lap count data...
req            INFO 	Data has been written to cache!
2026-08-12 22:04:09,121 [INFO] fastf1.fastf1.req: Data has been written to cache!
req            INFO 	No cached data found for track_status_data. Loading data...
2026-08-12 22:04:09,121 [INFO] fastf1.fastf1.req: No cached data found for track_status_data. Loading data...
_api           INFO 	Fetching track status data...
2026-08-12 22:04:09,121 [INFO] fastf1.api: Fetching track status data...
req            INFO 	Data has been written to cache!
2026-08-12 22:04:09,373 [INFO] fastf1.fastf1.req: Data has been written to cache!
req            INFO 	No cached data found for _extended_timing_data. Loading data...
2026-08-12 22:04:09,373 [INFO] fastf1.fastf1.req: No cached data found for _extended_timing_data. Loading data...
_api           INFO 	Fetching timing data...
2026-08-12 22:04:09,373 [INFO] fastf1.api: Fetching timing data...
_api           INFO 	Parsing timing data...
2026-08-12 22:04:09,973 [INFO] fastf1.api: Parsing timing data...
_api        WARNING 	Failed to align laps for drivers: ['5']
2026-08-12 22:04:10,653 [WARNING] fastf1.api: Failed to align laps for drivers: ['5']
req            INFO 	Data has been written to cache!
2026-08-12 22:04:10,677 [INFO] fastf1.fastf1.req: Data has been written to cache!
req            INFO 	No cached data found for timing_app_data. Loading data...
2026-08-12 22:04:10,677 [INFO] fastf1.fastf1.req: No cached data found for timing_app_data. Loading data...
_api           INFO 	Fetching timing app data...
2026-08-12 22:04:10,677 [INFO] fastf1.api: Fetching timing app data...
req            INFO 	Data has been written to cache!
2026-08-12 22:04:10,848 [INFO] fastf1.fastf1.req: Data has been written to cache!
core           INFO 	Processing timing data...
2026-08-12 22:04:10,848 [INFO] fastf1.fastf1.core: Processing timing data...
core        WARNING 	Fixed incorrect tyre stint information for driver '63'
2026-08-12 22:04:10,870 [WARNING] fastf1.fastf1.core: Fixed incorrect tyre stint information for driver '63'
core           INFO 	Finished loading data for 20 drivers: ['1', '63', '12', '16', '55', '6', '27', '44', '31', '87', '14', '22', '10', '30', '43', '23', '5', '18', '4', '81']
2026-08-12 22:04:11,730 [INFO] fastf1.fastf1.core: Finished loading data for 20 drivers: ['1', '63', '12', '16', '55', '6', '27', '44', '31', '87', '14', '22', '10', '30', '43', '23', '5', '18', '4', '81']
core           INFO 	Loading data for Qatar Grand Prix - Race [v3.8.3]
2026-08-12 22:04:13,255 [INFO] fastf1.fastf1.core: Loading data for Qatar Grand Prix - Race [v3.8.3]
req            INFO 	Using cached data for session_info
2026-08-12 22:04:13,257 [INFO] fastf1.fastf1.req: Using cached data for session_info
req            INFO 	Using cached data for driver_info
2026-08-12 22:04:13,257 [INFO] fastf1.fastf1.req: Using cached data for driver_info
req            INFO 	No cached data found for session_status_data. Loading data...
2026-08-12 22:04:13,300 [INFO] fastf1.fastf1.req: No cached data found for session_status_data. Loading data...
_api           INFO 	Fetching session status data...
2026-08-12 22:04:13,300 [INFO] fastf1.api: Fetching session status data...
req            INFO 	Data has been written to cache!
2026-08-12 22:04:13,592 [INFO] fastf1.fastf1.req: Data has been written to cache!
req            INFO 	No cached data found for lap_count. Loading data...
2026-08-12 22:04:13,593 [INFO] fastf1.fastf1.req: No cached data found for lap_count. Loading data...
_api           INFO 	Fetching lap count data...
2026-08-12 22:04:13,593 [INFO] fastf1.api: Fetching lap count data...
req            INFO 	Data has been written to cache!
2026-08-12 22:04:13,852 [INFO] fastf1.fastf1.req: Data has been written to cache!
req            INFO 	No cached data found for track_status_data. Loading data...
2026-08-12 22:04:13,852 [INFO] fastf1.fastf1.req: No cached data found for track_status_data. Loading data...
_api           INFO 	Fetching track status data...
2026-08-12 22:04:13,852 [INFO] fastf1.api: Fetching track status data...
req            INFO 	Data has been written to cache!
2026-08-12 22:04:14,126 [INFO] fastf1.fastf1.req: Data has been written to cache!
req            INFO 	No cached data found for _extended_timing_data. Loading data...
2026-08-12 22:04:14,127 [INFO] fastf1.fastf1.req: No cached data found for _extended_timing_data. Loading data...
_api           INFO 	Fetching timing data...
2026-08-12 22:04:14,127 [INFO] fastf1.api: Fetching timing data...
_api           INFO 	Parsing timing data...
2026-08-12 22:04:14,785 [INFO] fastf1.api: Parsing timing data...
req            INFO 	Data has been written to cache!
2026-08-12 22:04:15,644 [INFO] fastf1.fastf1.req: Data has been written to cache!
req            INFO 	No cached data found for timing_app_data. Loading data...
2026-08-12 22:04:15,644 [INFO] fastf1.fastf1.req: No cached data found for timing_app_data. Loading data...
_api           INFO 	Fetching timing app data...
2026-08-12 22:04:15,644 [INFO] fastf1.api: Fetching timing app data...
req            INFO 	Data has been written to cache!
2026-08-12 22:04:15,785 [INFO] fastf1.fastf1.req: Data has been written to cache!
core           INFO 	Processing timing data...
2026-08-12 22:04:15,785 [INFO] fastf1.fastf1.core: Processing timing data...
core           INFO 	Finished loading data for 20 drivers: ['1', '81', '55', '4', '12', '63', '14', '16', '30', '22', '23', '44', '5', '43', '31', '10', '18', '6', '87', '27']
2026-08-12 22:04:16,563 [INFO] fastf1.fastf1.core: Finished loading data for 20 drivers: ['1', '81', '55', '4', '12', '63', '14', '16', '30', '22', '23', '44', '5', '43', '31', '10', '18', '6', '87', '27']
core           INFO 	Loading data for Abu Dhabi Grand Prix - Race [v3.8.3]
2026-08-12 22:04:18,091 [INFO] fastf1.fastf1.core: Loading data for Abu Dhabi Grand Prix - Race [v3.8.3]
req            INFO 	Using cached data for session_info
2026-08-12 22:04:18,091 [INFO] fastf1.fastf1.req: Using cached data for session_info
req            INFO 	Using cached data for driver_info
2026-08-12 22:04:18,092 [INFO] fastf1.fastf1.req: Using cached data for driver_info
req            INFO 	No cached data found for session_status_data. Loading data...
2026-08-12 22:04:18,145 [INFO] fastf1.fastf1.req: No cached data found for session_status_data. Loading data...
_api           INFO 	Fetching session status data...
2026-08-12 22:04:18,145 [INFO] fastf1.api: Fetching session status data...
req            INFO 	Data has been written to cache!
2026-08-12 22:04:18,427 [INFO] fastf1.fastf1.req: Data has been written to cache!
req            INFO 	No cached data found for lap_count. Loading data...
2026-08-12 22:04:18,428 [INFO] fastf1.fastf1.req: No cached data found for lap_count. Loading data...
_api           INFO 	Fetching lap count data...
2026-08-12 22:04:18,428 [INFO] fastf1.api: Fetching lap count data...
req            INFO 	Data has been written to cache!
2026-08-12 22:04:18,696 [INFO] fastf1.fastf1.req: Data has been written to cache!
req            INFO 	No cached data found for track_status_data. Loading data...
2026-08-12 22:04:18,696 [INFO] fastf1.fastf1.req: No cached data found for track_status_data. Loading data...
_api           INFO 	Fetching track status data...
2026-08-12 22:04:18,696 [INFO] fastf1.api: Fetching track status data...
req            INFO 	Data has been written to cache!
2026-08-12 22:04:18,924 [INFO] fastf1.fastf1.req: Data has been written to cache!
req            INFO 	No cached data found for _extended_timing_data. Loading data...
2026-08-12 22:04:18,925 [INFO] fastf1.fastf1.req: No cached data found for _extended_timing_data. Loading data...
_api           INFO 	Fetching timing data...
2026-08-12 22:04:18,925 [INFO] fastf1.api: Fetching timing data...
_api           INFO 	Parsing timing data...
2026-08-12 22:04:19,659 [INFO] fastf1.api: Parsing timing data...
req            INFO 	Data has been written to cache!
2026-08-12 22:04:20,575 [INFO] fastf1.fastf1.req: Data has been written to cache!
req            INFO 	No cached data found for timing_app_data. Loading data...
2026-08-12 22:04:20,575 [INFO] fastf1.fastf1.req: No cached data found for timing_app_data. Loading data...
_api           INFO 	Fetching timing app data...
2026-08-12 22:04:20,575 [INFO] fastf1.api: Fetching timing app data...
req            INFO 	Data has been written to cache!
2026-08-12 22:04:20,717 [INFO] fastf1.fastf1.req: Data has been written to cache!
core           INFO 	Processing timing data...
2026-08-12 22:04:20,717 [INFO] fastf1.fastf1.core: Processing timing data...
core           INFO 	Finished loading data for 20 drivers: ['1', '81', '4', '16', '63', '14', '31', '44', '27', '18', '5', '87', '55', '22', '12', '23', '6', '30', '10', '43']
2026-08-12 22:04:21,468 [INFO] fastf1.fastf1.core: Finished loading data for 20 drivers: ['1', '81', '4', '16', '63', '14', '31', '44', '27', '18', '5', '87', '55', '22', '12', '23', '6', '30', '10', '43']
2026-08-12 22:04:21,564 [INFO] src.data_fetch: Saved 26689 lap rows to /Users/adhithiyaram/github-classroom/ACM40960/projects-adhithiyaram-tharun/data/raw/lap_data_2025.csv
core           INFO 	Loading data for Australian Grand Prix - Race [v3.8.3]
2026-08-12 22:04:21,602 [INFO] fastf1.fastf1.core: Loading data for Australian Grand Prix - Race [v3.8.3]
req            INFO 	Using cached data for session_info
2026-08-12 22:04:21,603 [INFO] fastf1.fastf1.req: Using cached data for session_info
req            INFO 	Using cached data for driver_info
2026-08-12 22:04:21,603 [INFO] fastf1.fastf1.req: Using cached data for driver_info
req            INFO 	No cached data found for session_status_data. Loading data...
2026-08-12 22:04:21,873 [INFO] fastf1.fastf1.req: No cached data found for session_status_data. Loading data...
_api           INFO 	Fetching session status data...
2026-08-12 22:04:21,873 [INFO] fastf1.api: Fetching session status data...
req            INFO 	Data has been written to cache!
2026-08-12 22:04:22,155 [INFO] fastf1.fastf1.req: Data has been written to cache!
req            INFO 	No cached data found for lap_count. Loading data...
2026-08-12 22:04:22,156 [INFO] fastf1.fastf1.req: No cached data found for lap_count. Loading data...
_api           INFO 	Fetching lap count data...
2026-08-12 22:04:22,156 [INFO] fastf1.api: Fetching lap count data...
req            INFO 	Data has been written to cache!
2026-08-12 22:04:22,415 [INFO] fastf1.fastf1.req: Data has been written to cache!
req            INFO 	No cached data found for track_status_data. Loading data...
2026-08-12 22:04:22,415 [INFO] fastf1.fastf1.req: No cached data found for track_status_data. Loading data...
_api           INFO 	Fetching track status data...
2026-08-12 22:04:22,415 [INFO] fastf1.api: Fetching track status data...
req            INFO 	Data has been written to cache!
2026-08-12 22:04:22,664 [INFO] fastf1.fastf1.req: Data has been written to cache!
req            INFO 	No cached data found for _extended_timing_data. Loading data...
2026-08-12 22:04:22,665 [INFO] fastf1.fastf1.req: No cached data found for _extended_timing_data. Loading data...
_api           INFO 	Fetching timing data...
2026-08-12 22:04:22,665 [INFO] fastf1.api: Fetching timing data...
_api           INFO 	Parsing timing data...
2026-08-12 22:04:23,452 [INFO] fastf1.api: Parsing timing data...
req            INFO 	Data has been written to cache!
2026-08-12 22:04:24,165 [INFO] fastf1.fastf1.req: Data has been written to cache!
req            INFO 	No cached data found for timing_app_data. Loading data...
2026-08-12 22:04:24,165 [INFO] fastf1.fastf1.req: No cached data found for timing_app_data. Loading data...
_api           INFO 	Fetching timing app data...
2026-08-12 22:04:24,165 [INFO] fastf1.api: Fetching timing app data...
req            INFO 	Data has been written to cache!
2026-08-12 22:04:24,301 [INFO] fastf1.fastf1.req: Data has been written to cache!
core           INFO 	Processing timing data...
2026-08-12 22:04:24,301 [INFO] fastf1.fastf1.core: Processing timing data...
core        WARNING 	Failed to perform lap accuracy check - all laps marked as inaccurate (driver 81)
2026-08-12 22:04:24,859 [WARNING] fastf1.fastf1.core: Failed to perform lap accuracy check - all laps marked as inaccurate (driver 81)
core        WARNING 	Failed to perform lap accuracy check - all laps marked as inaccurate (driver 27)
2026-08-12 22:04:24,861 [WARNING] fastf1.fastf1.core: Failed to perform lap accuracy check - all laps marked as inaccurate (driver 27)
core           INFO 	Finished loading data for 22 drivers: ['63', '12', '16', '44', '1', '3', '87', '41', '5', '10', '31', '23', '30', '43', '55', '11', '18', '14', '77', '6', '81', '27']
2026-08-12 22:04:24,961 [INFO] fastf1.fastf1.core: Finished loading data for 22 drivers: ['63', '12', '16', '44', '1', '3', '87', '41', '5', '10', '31', '23', '30', '43', '55', '11', '18', '14', '77', '6', '81', '27']
core           INFO 	Loading data for Chinese Grand Prix - Race [v3.8.3]
2026-08-12 22:04:26,483 [INFO] fastf1.fastf1.core: Loading data for Chinese Grand Prix - Race [v3.8.3]
req            INFO 	Using cached data for session_info
2026-08-12 22:04:26,484 [INFO] fastf1.fastf1.req: Using cached data for session_info
req            INFO 	Using cached data for driver_info
2026-08-12 22:04:26,484 [INFO] fastf1.fastf1.req: Using cached data for driver_info
req            INFO 	No cached data found for session_status_data. Loading data...
2026-08-12 22:04:26,530 [INFO] fastf1.fastf1.req: No cached data found for session_status_data. Loading data...
_api           INFO 	Fetching session status data...
2026-08-12 22:04:26,530 [INFO] fastf1.api: Fetching session status data...
req            INFO 	Data has been written to cache!
2026-08-12 22:04:26,816 [INFO] fastf1.fastf1.req: Data has been written to cache!
req            INFO 	No cached data found for lap_count. Loading data...
2026-08-12 22:04:26,816 [INFO] fastf1.fastf1.req: No cached data found for lap_count. Loading data...
_api           INFO 	Fetching lap count data...
2026-08-12 22:04:26,816 [INFO] fastf1.api: Fetching lap count data...
req            INFO 	Data has been written to cache!
2026-08-12 22:04:27,064 [INFO] fastf1.fastf1.req: Data has been written to cache!
req            INFO 	No cached data found for track_status_data. Loading data...
2026-08-12 22:04:27,064 [INFO] fastf1.fastf1.req: No cached data found for track_status_data. Loading data...
_api           INFO 	Fetching track status data...
2026-08-12 22:04:27,064 [INFO] fastf1.api: Fetching track status data...
req            INFO 	Data has been written to cache!
2026-08-12 22:04:27,338 [INFO] fastf1.fastf1.req: Data has been written to cache!
req            INFO 	No cached data found for _extended_timing_data. Loading data...
2026-08-12 22:04:27,339 [INFO] fastf1.fastf1.req: No cached data found for _extended_timing_data. Loading data...
_api           INFO 	Fetching timing data...
2026-08-12 22:04:27,339 [INFO] fastf1.api: Fetching timing data...
_api           INFO 	Parsing timing data...
2026-08-12 22:04:27,996 [INFO] fastf1.api: Parsing timing data...
req            INFO 	Data has been written to cache!
2026-08-12 22:04:28,666 [INFO] fastf1.fastf1.req: Data has been written to cache!
req            INFO 	No cached data found for timing_app_data. Loading data...
2026-08-12 22:04:28,666 [INFO] fastf1.fastf1.req: No cached data found for timing_app_data. Loading data...
_api           INFO 	Fetching timing app data...
2026-08-12 22:04:28,666 [INFO] fastf1.api: Fetching timing app data...
req            INFO 	Data has been written to cache!
2026-08-12 22:04:28,832 [INFO] fastf1.fastf1.req: Data has been written to cache!
core           INFO 	Processing timing data...
2026-08-12 22:04:28,832 [INFO] fastf1.fastf1.core: Processing timing data...
core        WARNING 	Failed to perform lap accuracy check - all laps marked as inaccurate (driver 81)
2026-08-12 22:04:29,343 [WARNING] fastf1.fastf1.core: Failed to perform lap accuracy check - all laps marked as inaccurate (driver 81)
core        WARNING 	Failed to perform lap accuracy check - all laps marked as inaccurate (driver 1)
2026-08-12 22:04:29,345 [WARNING] fastf1.fastf1.core: Failed to perform lap accuracy check - all laps marked as inaccurate (driver 1)
core        WARNING 	Failed to perform lap accuracy check - all laps marked as inaccurate (driver 5)
2026-08-12 22:04:29,346 [WARNING] fastf1.fastf1.core: Failed to perform lap accuracy check - all laps marked as inaccurate (driver 5)
core        WARNING 	Failed to perform lap accuracy check - all laps marked as inaccurate (driver 23)
2026-08-12 22:04:29,348 [WARNING] fastf1.fastf1.core: Failed to perform lap accuracy check - all laps marked as inaccurate (driver 23)
core        WARNING 	Driver 12 completed the race distance 00:00.022000 before the recorded end of the session.
2026-08-12 22:04:29,393 [WARNING] fastf1.fastf1.core: Driver 12 completed the race distance 00:00.022000 before the recorded end of the session.
core           INFO 	Finished loading data for 22 drivers: ['12', '63', '44', '16', '87', '10', '30', '6', '55', '43', '27', '41', '77', '31', '11', '3', '14', '18', '81', '1', '5', '23']
2026-08-12 22:04:29,427 [INFO] fastf1.fastf1.core: Finished loading data for 22 drivers: ['12', '63', '44', '16', '87', '10', '30', '6', '55', '43', '27', '41', '77', '31', '11', '3', '14', '18', '81', '1', '5', '23']
core           INFO 	Loading data for Japanese Grand Prix - Race [v3.8.3]
2026-08-12 22:04:30,953 [INFO] fastf1.fastf1.core: Loading data for Japanese Grand Prix - Race [v3.8.3]
req            INFO 	Using cached data for session_info
2026-08-12 22:04:30,954 [INFO] fastf1.fastf1.req: Using cached data for session_info
req            INFO 	Using cached data for driver_info
2026-08-12 22:04:30,955 [INFO] fastf1.fastf1.req: Using cached data for driver_info
req            INFO 	No cached data found for session_status_data. Loading data...
2026-08-12 22:04:31,002 [INFO] fastf1.fastf1.req: No cached data found for session_status_data. Loading data...
_api           INFO 	Fetching session status data...
2026-08-12 22:04:31,002 [INFO] fastf1.api: Fetching session status data...
req            INFO 	Data has been written to cache!
2026-08-12 22:04:31,286 [INFO] fastf1.fastf1.req: Data has been written to cache!
req            INFO 	No cached data found for lap_count. Loading data...
2026-08-12 22:04:31,287 [INFO] fastf1.fastf1.req: No cached data found for lap_count. Loading data...
_api           INFO 	Fetching lap count data...
2026-08-12 22:04:31,287 [INFO] fastf1.api: Fetching lap count data...
req            INFO 	Data has been written to cache!
2026-08-12 22:04:31,545 [INFO] fastf1.fastf1.req: Data has been written to cache!
req            INFO 	No cached data found for track_status_data. Loading data...
2026-08-12 22:04:31,546 [INFO] fastf1.fastf1.req: No cached data found for track_status_data. Loading data...
_api           INFO 	Fetching track status data...
2026-08-12 22:04:31,546 [INFO] fastf1.api: Fetching track status data...
req            INFO 	Data has been written to cache!
2026-08-12 22:04:31,790 [INFO] fastf1.fastf1.req: Data has been written to cache!
req            INFO 	No cached data found for _extended_timing_data. Loading data...
2026-08-12 22:04:31,790 [INFO] fastf1.fastf1.req: No cached data found for _extended_timing_data. Loading data...
_api           INFO 	Fetching timing data...
2026-08-12 22:04:31,790 [INFO] fastf1.api: Fetching timing data...
_api           INFO 	Parsing timing data...
2026-08-12 22:04:32,621 [INFO] fastf1.api: Parsing timing data...
req            INFO 	Data has been written to cache!
2026-08-12 22:04:33,489 [INFO] fastf1.fastf1.req: Data has been written to cache!
req            INFO 	No cached data found for timing_app_data. Loading data...
2026-08-12 22:04:33,489 [INFO] fastf1.fastf1.req: No cached data found for timing_app_data. Loading data...
_api           INFO 	Fetching timing app data...
2026-08-12 22:04:33,489 [INFO] fastf1.api: Fetching timing app data...
req            INFO 	Data has been written to cache!
2026-08-12 22:04:33,609 [INFO] fastf1.fastf1.req: Data has been written to cache!
core           INFO 	Processing timing data...
2026-08-12 22:04:33,610 [INFO] fastf1.fastf1.core: Processing timing data...
core           INFO 	Finished loading data for 22 drivers: ['12', '81', '16', '63', '1', '44', '10', '3', '30', '31', '27', '6', '5', '41', '55', '43', '11', '14', '77', '23', '18', '87']
2026-08-12 22:04:34,262 [INFO] fastf1.fastf1.core: Finished loading data for 22 drivers: ['12', '81', '16', '63', '1', '44', '10', '3', '30', '31', '27', '6', '5', '41', '55', '43', '11', '14', '77', '23', '18', '87']
core           INFO 	Loading data for Miami Grand Prix - Race [v3.8.3]
2026-08-12 22:04:35,794 [INFO] fastf1.fastf1.core: Loading data for Miami Grand Prix - Race [v3.8.3]
req            INFO 	Using cached data for session_info
2026-08-12 22:04:35,795 [INFO] fastf1.fastf1.req: Using cached data for session_info
req            INFO 	Using cached data for driver_info
2026-08-12 22:04:35,795 [INFO] fastf1.fastf1.req: Using cached data for driver_info
req            INFO 	No cached data found for session_status_data. Loading data...
2026-08-12 22:04:35,849 [INFO] fastf1.fastf1.req: No cached data found for session_status_data. Loading data...
_api           INFO 	Fetching session status data...
2026-08-12 22:04:35,849 [INFO] fastf1.api: Fetching session status data...
req            INFO 	Data has been written to cache!
2026-08-12 22:04:36,172 [INFO] fastf1.fastf1.req: Data has been written to cache!
req            INFO 	No cached data found for lap_count. Loading data...
2026-08-12 22:04:36,172 [INFO] fastf1.fastf1.req: No cached data found for lap_count. Loading data...
_api           INFO 	Fetching lap count data...
2026-08-12 22:04:36,172 [INFO] fastf1.api: Fetching lap count data...
req            INFO 	Data has been written to cache!
2026-08-12 22:04:36,385 [INFO] fastf1.fastf1.req: Data has been written to cache!
req            INFO 	No cached data found for track_status_data. Loading data...
2026-08-12 22:04:36,385 [INFO] fastf1.fastf1.req: No cached data found for track_status_data. Loading data...
_api           INFO 	Fetching track status data...
2026-08-12 22:04:36,385 [INFO] fastf1.api: Fetching track status data...
req            INFO 	Data has been written to cache!
2026-08-12 22:04:36,626 [INFO] fastf1.fastf1.req: Data has been written to cache!
req            INFO 	No cached data found for _extended_timing_data. Loading data...
2026-08-12 22:04:36,627 [INFO] fastf1.fastf1.req: No cached data found for _extended_timing_data. Loading data...
_api           INFO 	Fetching timing data...
2026-08-12 22:04:36,627 [INFO] fastf1.api: Fetching timing data...
_api           INFO 	Parsing timing data...
2026-08-12 22:04:37,405 [INFO] fastf1.api: Parsing timing data...
req            INFO 	Data has been written to cache!
2026-08-12 22:04:38,231 [INFO] fastf1.fastf1.req: Data has been written to cache!
req            INFO 	No cached data found for timing_app_data. Loading data...
2026-08-12 22:04:38,232 [INFO] fastf1.fastf1.req: No cached data found for timing_app_data. Loading data...
_api           INFO 	Fetching timing app data...
2026-08-12 22:04:38,232 [INFO] fastf1.api: Fetching timing app data...
req            INFO 	Data has been written to cache!
2026-08-12 22:04:38,375 [INFO] fastf1.fastf1.req: Data has been written to cache!
core           INFO 	Processing timing data...
2026-08-12 22:04:38,375 [INFO] fastf1.fastf1.core: Processing timing data...
core        WARNING 	Driver 12 completed the race distance 00:00.027000 before the recorded end of the session.
2026-08-12 22:04:38,960 [WARNING] fastf1.fastf1.core: Driver 12 completed the race distance 00:00.027000 before the recorded end of the session.
core           INFO 	Finished loading data for 22 drivers: ['12', '1', '81', '63', '3', '44', '43', '16', '55', '23', '87', '5', '31', '41', '14', '11', '18', '77', '27', '30', '10', '6']
2026-08-12 22:04:39,012 [INFO] fastf1.fastf1.core: Finished loading data for 22 drivers: ['12', '1', '81', '63', '3', '44', '43', '16', '55', '23', '87', '5', '31', '41', '14', '11', '18', '77', '27', '30', '10', '6']
core           INFO 	Loading data for Canadian Grand Prix - Race [v3.8.3]
2026-08-12 22:04:40,539 [INFO] fastf1.fastf1.core: Loading data for Canadian Grand Prix - Race [v3.8.3]
req            INFO 	Using cached data for session_info
2026-08-12 22:04:40,540 [INFO] fastf1.fastf1.req: Using cached data for session_info
req            INFO 	Using cached data for driver_info
2026-08-12 22:04:40,541 [INFO] fastf1.fastf1.req: Using cached data for driver_info
req            INFO 	No cached data found for session_status_data. Loading data...
2026-08-12 22:04:40,589 [INFO] fastf1.fastf1.req: No cached data found for session_status_data. Loading data...
_api           INFO 	Fetching session status data...
2026-08-12 22:04:40,589 [INFO] fastf1.api: Fetching session status data...
req            INFO 	Data has been written to cache!
2026-08-12 22:04:40,867 [INFO] fastf1.fastf1.req: Data has been written to cache!
req            INFO 	No cached data found for lap_count. Loading data...
2026-08-12 22:04:40,868 [INFO] fastf1.fastf1.req: No cached data found for lap_count. Loading data...
_api           INFO 	Fetching lap count data...
2026-08-12 22:04:40,868 [INFO] fastf1.api: Fetching lap count data...
req            INFO 	Data has been written to cache!
2026-08-12 22:04:41,172 [INFO] fastf1.fastf1.req: Data has been written to cache!
req            INFO 	No cached data found for track_status_data. Loading data...
2026-08-12 22:04:41,172 [INFO] fastf1.fastf1.req: No cached data found for track_status_data. Loading data...
_api           INFO 	Fetching track status data...
2026-08-12 22:04:41,172 [INFO] fastf1.api: Fetching track status data...
req            INFO 	Data has been written to cache!
2026-08-12 22:04:41,390 [INFO] fastf1.fastf1.req: Data has been written to cache!
req            INFO 	No cached data found for _extended_timing_data. Loading data...
2026-08-12 22:04:41,391 [INFO] fastf1.fastf1.req: No cached data found for _extended_timing_data. Loading data...
_api           INFO 	Fetching timing data...
2026-08-12 22:04:41,391 [INFO] fastf1.api: Fetching timing data...
_api           INFO 	Parsing timing data...
2026-08-12 22:04:42,083 [INFO] fastf1.api: Parsing timing data...
req            INFO 	Data has been written to cache!
2026-08-12 22:04:42,886 [INFO] fastf1.fastf1.req: Data has been written to cache!
req            INFO 	No cached data found for timing_app_data. Loading data...
2026-08-12 22:04:42,886 [INFO] fastf1.fastf1.req: No cached data found for timing_app_data. Loading data...
_api           INFO 	Fetching timing app data...
2026-08-12 22:04:42,886 [INFO] fastf1.api: Fetching timing app data...
req            INFO 	Data has been written to cache!
2026-08-12 22:04:43,016 [INFO] fastf1.fastf1.req: Data has been written to cache!
core           INFO 	Processing timing data...
2026-08-12 22:04:43,017 [INFO] fastf1.fastf1.core: Processing timing data...
core        WARNING 	Failed to perform lap accuracy check - all laps marked as inaccurate (driver 41)
2026-08-12 22:04:43,670 [WARNING] fastf1.fastf1.core: Failed to perform lap accuracy check - all laps marked as inaccurate (driver 41)
core           INFO 	Finished loading data for 22 drivers: ['12', '44', '3', '16', '6', '43', '30', '10', '55', '87', '81', '27', '5', '31', '18', '77', '11', '1', '63', '14', '23', '41']
2026-08-12 22:04:43,784 [INFO] fastf1.fastf1.core: Finished loading data for 22 drivers: ['12', '44', '3', '16', '6', '43', '30', '10', '55', '87', '81', '27', '5', '31', '18', '77', '11', '1', '63', '14', '23', '41']
core           INFO 	Loading data for Monaco Grand Prix - Race [v3.8.3]
2026-08-12 22:04:45,311 [INFO] fastf1.fastf1.core: Loading data for Monaco Grand Prix - Race [v3.8.3]
req            INFO 	Using cached data for session_info
2026-08-12 22:04:45,312 [INFO] fastf1.fastf1.req: Using cached data for session_info
req            INFO 	Using cached data for driver_info
2026-08-12 22:04:45,313 [INFO] fastf1.fastf1.req: Using cached data for driver_info
req            INFO 	No cached data found for session_status_data. Loading data...
2026-08-12 22:04:45,368 [INFO] fastf1.fastf1.req: No cached data found for session_status_data. Loading data...
_api           INFO 	Fetching session status data...
2026-08-12 22:04:45,368 [INFO] fastf1.api: Fetching session status data...
req            INFO 	Data has been written to cache!
2026-08-12 22:04:45,653 [INFO] fastf1.fastf1.req: Data has been written to cache!
req            INFO 	No cached data found for lap_count. Loading data...
2026-08-12 22:04:45,653 [INFO] fastf1.fastf1.req: No cached data found for lap_count. Loading data...
_api           INFO 	Fetching lap count data...
2026-08-12 22:04:45,653 [INFO] fastf1.api: Fetching lap count data...
req            INFO 	Data has been written to cache!
2026-08-12 22:04:45,916 [INFO] fastf1.fastf1.req: Data has been written to cache!
req            INFO 	No cached data found for track_status_data. Loading data...
2026-08-12 22:04:45,917 [INFO] fastf1.fastf1.req: No cached data found for track_status_data. Loading data...
_api           INFO 	Fetching track status data...
2026-08-12 22:04:45,917 [INFO] fastf1.api: Fetching track status data...
req            INFO 	Data has been written to cache!
2026-08-12 22:04:46,156 [INFO] fastf1.fastf1.req: Data has been written to cache!
req            INFO 	No cached data found for _extended_timing_data. Loading data...
2026-08-12 22:04:46,157 [INFO] fastf1.fastf1.req: No cached data found for _extended_timing_data. Loading data...
_api           INFO 	Fetching timing data...
2026-08-12 22:04:46,157 [INFO] fastf1.api: Fetching timing data...
_api           INFO 	Parsing timing data...
2026-08-12 22:04:46,981 [INFO] fastf1.api: Parsing timing data...
req            INFO 	Data has been written to cache!
2026-08-12 22:04:48,080 [INFO] fastf1.fastf1.req: Data has been written to cache!
req            INFO 	No cached data found for timing_app_data. Loading data...
2026-08-12 22:04:48,081 [INFO] fastf1.fastf1.req: No cached data found for timing_app_data. Loading data...
_api           INFO 	Fetching timing app data...
2026-08-12 22:04:48,081 [INFO] fastf1.api: Fetching timing app data...
req            INFO 	Data has been written to cache!
2026-08-12 22:04:48,210 [INFO] fastf1.fastf1.req: Data has been written to cache!
core           INFO 	Processing timing data...
2026-08-12 22:04:48,210 [INFO] fastf1.fastf1.core: Processing timing data...
core           INFO 	Finished loading data for 22 drivers: ['12', '44', '10', '6', '81', '30', '41', '23', '31', '14', '5', '63', '27', '43', '11', '55', '16', '18', '1', '87', '77', '3']
2026-08-12 22:04:49,088 [INFO] fastf1.fastf1.core: Finished loading data for 22 drivers: ['12', '44', '10', '6', '81', '30', '41', '23', '31', '14', '5', '63', '27', '43', '11', '55', '16', '18', '1', '87', '77', '3']
core           INFO 	Loading data for Barcelona Grand Prix - Race [v3.8.3]
2026-08-12 22:04:50,617 [INFO] fastf1.fastf1.core: Loading data for Barcelona Grand Prix - Race [v3.8.3]
req            INFO 	Using cached data for session_info
2026-08-12 22:04:50,618 [INFO] fastf1.fastf1.req: Using cached data for session_info
req            INFO 	Using cached data for driver_info
2026-08-12 22:04:50,619 [INFO] fastf1.fastf1.req: Using cached data for driver_info
req            INFO 	No cached data found for session_status_data. Loading data...
2026-08-12 22:04:50,666 [INFO] fastf1.fastf1.req: No cached data found for session_status_data. Loading data...
_api           INFO 	Fetching session status data...
2026-08-12 22:04:50,666 [INFO] fastf1.api: Fetching session status data...
req            INFO 	Data has been written to cache!
2026-08-12 22:04:50,947 [INFO] fastf1.fastf1.req: Data has been written to cache!
req            INFO 	No cached data found for lap_count. Loading data...
2026-08-12 22:04:50,948 [INFO] fastf1.fastf1.req: No cached data found for lap_count. Loading data...
_api           INFO 	Fetching lap count data...
2026-08-12 22:04:50,948 [INFO] fastf1.api: Fetching lap count data...
req            INFO 	Data has been written to cache!
2026-08-12 22:04:51,195 [INFO] fastf1.fastf1.req: Data has been written to cache!
req            INFO 	No cached data found for track_status_data. Loading data...
2026-08-12 22:04:51,196 [INFO] fastf1.fastf1.req: No cached data found for track_status_data. Loading data...
_api           INFO 	Fetching track status data...
2026-08-12 22:04:51,196 [INFO] fastf1.api: Fetching track status data...
req            INFO 	Data has been written to cache!
2026-08-12 22:04:51,439 [INFO] fastf1.fastf1.req: Data has been written to cache!
req            INFO 	No cached data found for _extended_timing_data. Loading data...
2026-08-12 22:04:51,440 [INFO] fastf1.fastf1.req: No cached data found for _extended_timing_data. Loading data...
_api           INFO 	Fetching timing data...
2026-08-12 22:04:51,441 [INFO] fastf1.api: Fetching timing data...
_api           INFO 	Parsing timing data...
2026-08-12 22:04:52,129 [INFO] fastf1.api: Parsing timing data...
req            INFO 	Data has been written to cache!
2026-08-12 22:04:53,057 [INFO] fastf1.fastf1.req: Data has been written to cache!
req            INFO 	No cached data found for timing_app_data. Loading data...
2026-08-12 22:04:53,057 [INFO] fastf1.fastf1.req: No cached data found for timing_app_data. Loading data...
_api           INFO 	Fetching timing app data...
2026-08-12 22:04:53,058 [INFO] fastf1.api: Fetching timing app data...
req            INFO 	Data has been written to cache!
2026-08-12 22:04:53,188 [INFO] fastf1.fastf1.req: Data has been written to cache!
core           INFO 	Processing timing data...
2026-08-12 22:04:53,188 [INFO] fastf1.fastf1.core: Processing timing data...
core        WARNING 	Fixed incorrect tyre stint information for driver '87'
2026-08-12 22:04:53,466 [WARNING] fastf1.fastf1.core: Fixed incorrect tyre stint information for driver '87'
core           INFO 	Finished loading data for 22 drivers: ['44', '63', '1', '3', '81', '6', '10', '30', '41', '43', '5', '55', '31', '11', '16', '12', '87', '23', '14', '27', '77', '18']
2026-08-12 22:04:53,924 [INFO] fastf1.fastf1.core: Finished loading data for 22 drivers: ['44', '63', '1', '3', '81', '6', '10', '30', '41', '43', '5', '55', '31', '11', '16', '12', '87', '23', '14', '27', '77', '18']
core           INFO 	Loading data for Austrian Grand Prix - Race [v3.8.3]
2026-08-12 22:04:55,451 [INFO] fastf1.fastf1.core: Loading data for Austrian Grand Prix - Race [v3.8.3]
req            INFO 	Using cached data for session_info
2026-08-12 22:04:55,452 [INFO] fastf1.fastf1.req: Using cached data for session_info
req            INFO 	Using cached data for driver_info
2026-08-12 22:04:55,453 [INFO] fastf1.fastf1.req: Using cached data for driver_info
req            INFO 	No cached data found for session_status_data. Loading data...
2026-08-12 22:04:55,502 [INFO] fastf1.fastf1.req: No cached data found for session_status_data. Loading data...
_api           INFO 	Fetching session status data...
2026-08-12 22:04:55,502 [INFO] fastf1.api: Fetching session status data...
req            INFO 	Data has been written to cache!
2026-08-12 22:04:55,792 [INFO] fastf1.fastf1.req: Data has been written to cache!
req            INFO 	No cached data found for lap_count. Loading data...
2026-08-12 22:04:55,793 [INFO] fastf1.fastf1.req: No cached data found for lap_count. Loading data...
_api           INFO 	Fetching lap count data...
2026-08-12 22:04:55,793 [INFO] fastf1.api: Fetching lap count data...
req            INFO 	Data has been written to cache!
2026-08-12 22:04:56,055 [INFO] fastf1.fastf1.req: Data has been written to cache!
req            INFO 	No cached data found for track_status_data. Loading data...
2026-08-12 22:04:56,055 [INFO] fastf1.fastf1.req: No cached data found for track_status_data. Loading data...
_api           INFO 	Fetching track status data...
2026-08-12 22:04:56,056 [INFO] fastf1.api: Fetching track status data...
req            INFO 	Data has been written to cache!
2026-08-12 22:04:56,306 [INFO] fastf1.fastf1.req: Data has been written to cache!
req            INFO 	No cached data found for _extended_timing_data. Loading data...
2026-08-12 22:04:56,307 [INFO] fastf1.fastf1.req: No cached data found for _extended_timing_data. Loading data...
_api           INFO 	Fetching timing data...
2026-08-12 22:04:56,307 [INFO] fastf1.api: Fetching timing data...
_api           INFO 	Parsing timing data...
2026-08-12 22:04:57,128 [INFO] fastf1.api: Parsing timing data...
_api        WARNING 	Failed to align laps for drivers: ['77']
2026-08-12 22:04:57,990 [WARNING] fastf1.api: Failed to align laps for drivers: ['77']
req            INFO 	Data has been written to cache!
2026-08-12 22:04:58,022 [INFO] fastf1.fastf1.req: Data has been written to cache!
req            INFO 	No cached data found for timing_app_data. Loading data...
2026-08-12 22:04:58,022 [INFO] fastf1.fastf1.req: No cached data found for timing_app_data. Loading data...
_api           INFO 	Fetching timing app data...
2026-08-12 22:04:58,022 [INFO] fastf1.api: Fetching timing app data...
req            INFO 	Data has been written to cache!
2026-08-12 22:04:58,172 [INFO] fastf1.fastf1.req: Data has been written to cache!
core           INFO 	Processing timing data...
2026-08-12 22:04:58,172 [INFO] fastf1.fastf1.core: Processing timing data...
core        WARNING 	Driver 63 completed the race distance 00:00.530000 before the recorded end of the session.
2026-08-12 22:04:58,882 [WARNING] fastf1.fastf1.core: Driver 63 completed the race distance 00:00.530000 before the recorded end of the session.
core           INFO 	Finished loading data for 22 drivers: ['63', '3', '12', '81', '44', '6', '1', '16', '30', '41', '5', '27', '10', '87', '43', '31', '23', '14', '18', '55', '11', '77']
2026-08-12 22:04:58,920 [INFO] fastf1.fastf1.core: Finished loading data for 22 drivers: ['63', '3', '12', '81', '44', '6', '1', '16', '30', '41', '5', '27', '10', '87', '43', '31', '23', '14', '18', '55', '11', '77']
core           INFO 	Loading data for British Grand Prix - Race [v3.8.3]
2026-08-12 22:05:00,449 [INFO] fastf1.fastf1.core: Loading data for British Grand Prix - Race [v3.8.3]
req            INFO 	Using cached data for session_info
2026-08-12 22:05:00,450 [INFO] fastf1.fastf1.req: Using cached data for session_info
req            INFO 	Using cached data for driver_info
2026-08-12 22:05:00,450 [INFO] fastf1.fastf1.req: Using cached data for driver_info
req            INFO 	No cached data found for session_status_data. Loading data...
2026-08-12 22:05:00,500 [INFO] fastf1.fastf1.req: No cached data found for session_status_data. Loading data...
_api           INFO 	Fetching session status data...
2026-08-12 22:05:00,500 [INFO] fastf1.api: Fetching session status data...
req            INFO 	Data has been written to cache!
2026-08-12 22:05:00,790 [INFO] fastf1.fastf1.req: Data has been written to cache!
req            INFO 	No cached data found for lap_count. Loading data...
2026-08-12 22:05:00,791 [INFO] fastf1.fastf1.req: No cached data found for lap_count. Loading data...
_api           INFO 	Fetching lap count data...
2026-08-12 22:05:00,791 [INFO] fastf1.api: Fetching lap count data...
req            INFO 	Data has been written to cache!
2026-08-12 22:05:01,060 [INFO] fastf1.fastf1.req: Data has been written to cache!
req            INFO 	No cached data found for track_status_data. Loading data...
2026-08-12 22:05:01,060 [INFO] fastf1.fastf1.req: No cached data found for track_status_data. Loading data...
_api           INFO 	Fetching track status data...
2026-08-12 22:05:01,060 [INFO] fastf1.api: Fetching track status data...
req            INFO 	Data has been written to cache!
2026-08-12 22:05:01,355 [INFO] fastf1.fastf1.req: Data has been written to cache!
req            INFO 	No cached data found for _extended_timing_data. Loading data...
2026-08-12 22:05:01,355 [INFO] fastf1.fastf1.req: No cached data found for _extended_timing_data. Loading data...
_api           INFO 	Fetching timing data...
2026-08-12 22:05:01,356 [INFO] fastf1.api: Fetching timing data...
_api           INFO 	Parsing timing data...
2026-08-12 22:05:02,115 [INFO] fastf1.api: Parsing timing data...
req            INFO 	Data has been written to cache!
2026-08-12 22:05:03,050 [INFO] fastf1.fastf1.req: Data has been written to cache!
req            INFO 	No cached data found for timing_app_data. Loading data...
2026-08-12 22:05:03,051 [INFO] fastf1.fastf1.req: No cached data found for timing_app_data. Loading data...
_api           INFO 	Fetching timing app data...
2026-08-12 22:05:03,051 [INFO] fastf1.api: Fetching timing app data...
req            INFO 	Data has been written to cache!
2026-08-12 22:05:03,219 [INFO] fastf1.fastf1.req: Data has been written to cache!
core           INFO 	Processing timing data...
2026-08-12 22:05:03,219 [INFO] fastf1.fastf1.core: Processing timing data...
core           INFO 	Finished loading data for 22 drivers: ['16', '63', '44', '1', '6', '30', '41', '5', '43', '10', '81', '87', '31', '11', '12', '77', '55', '14', '18', '3', '23', '27']
2026-08-12 22:05:03,922 [INFO] fastf1.fastf1.core: Finished loading data for 22 drivers: ['16', '63', '44', '1', '6', '30', '41', '5', '43', '10', '81', '87', '31', '11', '12', '77', '55', '14', '18', '3', '23', '27']
core           INFO 	Loading data for Belgian Grand Prix - Race [v3.8.3]
2026-08-12 22:05:05,450 [INFO] fastf1.fastf1.core: Loading data for Belgian Grand Prix - Race [v3.8.3]
req            INFO 	Using cached data for session_info
2026-08-12 22:05:05,450 [INFO] fastf1.fastf1.req: Using cached data for session_info
req            INFO 	Using cached data for driver_info
2026-08-12 22:05:05,451 [INFO] fastf1.fastf1.req: Using cached data for driver_info
req            INFO 	No cached data found for session_status_data. Loading data...
2026-08-12 22:05:05,498 [INFO] fastf1.fastf1.req: No cached data found for session_status_data. Loading data...
_api           INFO 	Fetching session status data...
2026-08-12 22:05:05,498 [INFO] fastf1.api: Fetching session status data...
req            INFO 	Data has been written to cache!
2026-08-12 22:05:05,780 [INFO] fastf1.fastf1.req: Data has been written to cache!
req            INFO 	No cached data found for lap_count. Loading data...
2026-08-12 22:05:05,782 [INFO] fastf1.fastf1.req: No cached data found for lap_count. Loading data...
_api           INFO 	Fetching lap count data...
2026-08-12 22:05:05,782 [INFO] fastf1.api: Fetching lap count data...
req            INFO 	Data has been written to cache!
2026-08-12 22:05:06,067 [INFO] fastf1.fastf1.req: Data has been written to cache!
req            INFO 	No cached data found for track_status_data. Loading data...
2026-08-12 22:05:06,067 [INFO] fastf1.fastf1.req: No cached data found for track_status_data. Loading data...
_api           INFO 	Fetching track status data...
2026-08-12 22:05:06,068 [INFO] fastf1.api: Fetching track status data...
req            INFO 	Data has been written to cache!
2026-08-12 22:05:06,283 [INFO] fastf1.fastf1.req: Data has been written to cache!
req            INFO 	No cached data found for _extended_timing_data. Loading data...
2026-08-12 22:05:06,283 [INFO] fastf1.fastf1.req: No cached data found for _extended_timing_data. Loading data...
_api           INFO 	Fetching timing data...
2026-08-12 22:05:06,283 [INFO] fastf1.api: Fetching timing data...
_api           INFO 	Parsing timing data...
2026-08-12 22:05:07,033 [INFO] fastf1.api: Parsing timing data...
req            INFO 	Data has been written to cache!
2026-08-12 22:05:07,794 [INFO] fastf1.fastf1.req: Data has been written to cache!
req            INFO 	No cached data found for timing_app_data. Loading data...
2026-08-12 22:05:07,795 [INFO] fastf1.fastf1.req: No cached data found for timing_app_data. Loading data...
_api           INFO 	Fetching timing app data...
2026-08-12 22:05:07,795 [INFO] fastf1.api: Fetching timing app data...
req            INFO 	Data has been written to cache!
2026-08-12 22:05:07,972 [INFO] fastf1.fastf1.req: Data has been written to cache!
core           INFO 	Processing timing data...
2026-08-12 22:05:07,972 [INFO] fastf1.fastf1.core: Processing timing data...
core        WARNING 	Fixed incorrect tyre stint information for driver '12'
2026-08-12 22:05:07,979 [WARNING] fastf1.fastf1.core: Fixed incorrect tyre stint information for driver '12'
core        WARNING 	Driver 12 completed the race distance 00:00.045000 before the recorded end of the session.
2026-08-12 22:05:08,530 [WARNING] fastf1.fastf1.core: Driver 12 completed the race distance 00:00.045000 before the recorded end of the session.
core           INFO 	Finished loading data for 22 drivers: ['12', '16', '3', '44', '81', '6', '1', '5', '41', '43', '10', '30', '27', '87', '23', '55', '31', '77', '14', '18', '11', '63']
2026-08-12 22:05:08,551 [INFO] fastf1.fastf1.core: Finished loading data for 22 drivers: ['12', '16', '3', '44', '81', '6', '1', '5', '41', '43', '10', '30', '27', '87', '23', '55', '31', '77', '14', '18', '11', '63']
core           INFO 	Loading data for Hungarian Grand Prix - Race [v3.8.3]
2026-08-12 22:05:10,077 [INFO] fastf1.fastf1.core: Loading data for Hungarian Grand Prix - Race [v3.8.3]
req            INFO 	Using cached data for session_info
2026-08-12 22:05:10,078 [INFO] fastf1.fastf1.req: Using cached data for session_info
req            INFO 	Using cached data for driver_info
2026-08-12 22:05:10,079 [INFO] fastf1.fastf1.req: Using cached data for driver_info
req            INFO 	No cached data found for session_status_data. Loading data...
2026-08-12 22:05:10,130 [INFO] fastf1.fastf1.req: No cached data found for session_status_data. Loading data...
_api           INFO 	Fetching session status data...
2026-08-12 22:05:10,130 [INFO] fastf1.api: Fetching session status data...
req            INFO 	Data has been written to cache!
2026-08-12 22:05:10,379 [INFO] fastf1.fastf1.req: Data has been written to cache!
req            INFO 	No cached data found for lap_count. Loading data...
2026-08-12 22:05:10,380 [INFO] fastf1.fastf1.req: No cached data found for lap_count. Loading data...
_api           INFO 	Fetching lap count data...
2026-08-12 22:05:10,380 [INFO] fastf1.api: Fetching lap count data...
req            INFO 	Data has been written to cache!
2026-08-12 22:05:10,675 [INFO] fastf1.fastf1.req: Data has been written to cache!
req            INFO 	No cached data found for track_status_data. Loading data...
2026-08-12 22:05:10,676 [INFO] fastf1.fastf1.req: No cached data found for track_status_data. Loading data...
_api           INFO 	Fetching track status data...
2026-08-12 22:05:10,676 [INFO] fastf1.api: Fetching track status data...
req            INFO 	Data has been written to cache!
2026-08-12 22:05:10,933 [INFO] fastf1.fastf1.req: Data has been written to cache!
req            INFO 	No cached data found for _extended_timing_data. Loading data...
2026-08-12 22:05:10,934 [INFO] fastf1.fastf1.req: No cached data found for _extended_timing_data. Loading data...
_api           INFO 	Fetching timing data...
2026-08-12 22:05:10,934 [INFO] fastf1.api: Fetching timing data...
_api           INFO 	Parsing timing data...
2026-08-12 22:05:11,813 [INFO] fastf1.api: Parsing timing data...
req            INFO 	Data has been written to cache!
2026-08-12 22:05:12,777 [INFO] fastf1.fastf1.req: Data has been written to cache!
req            INFO 	No cached data found for timing_app_data. Loading data...
2026-08-12 22:05:12,777 [INFO] fastf1.fastf1.req: No cached data found for timing_app_data. Loading data...
_api           INFO 	Fetching timing app data...
2026-08-12 22:05:12,777 [INFO] fastf1.api: Fetching timing app data...
req            INFO 	Data has been written to cache!
2026-08-12 22:05:12,980 [INFO] fastf1.fastf1.req: Data has been written to cache!
core           INFO 	Processing timing data...
2026-08-12 22:05:12,980 [INFO] fastf1.fastf1.core: Processing timing data...
core        WARNING 	Fixed incorrect tyre stint information for driver '11'
2026-08-12 22:05:13,338 [WARNING] fastf1.fastf1.core: Fixed incorrect tyre stint information for driver '11'
core           INFO 	Finished loading data for 22 drivers: ['1', '3', '12', '16', '44', '6', '63', '30', '27', '41', '5', '10', '18', '14', '43', '31', '23', '55', '87', '81', '11', '77']
2026-08-12 22:05:13,747 [INFO] fastf1.fastf1.core: Finished loading data for 22 drivers: ['1', '3', '12', '16', '44', '6', '63', '30', '27', '41', '5', '10', '18', '14', '43', '31', '23', '55', '87', '81', '11', '77']
2026-08-12 22:05:13,798 [INFO] src.data_fetch: Saved 12727 lap rows to /Users/adhithiyaram/github-classroom/ACM40960/projects-adhithiyaram-tharun/data/raw/lap_data_2026.csv
2026-08-12 22:05:14,166 [INFO] src.data_fetch: Saved combined lap file: 114017 rows to /Users/adhithiyaram/github-classroom/ACM40960/projects-adhithiyaram-tharun/data/raw/lap_data_all.csv
